from,relation,to,clause,confidence,evidence
IS 10019:1981,related_product,IS 10090:1982,IS 10019:1981#6,0.85,"For detailed information, refer to IS 10090 : 1982 Specification for numericals."
IS 10019:1981,related_product,IS 10090:1982,IS 10019:1981#6,0.85,SUMMARY OF IS 10090 : 1982 NUMERICALS
IS 1003 (Part 1):2003,normative_reference,IS 12896:1990,IS 1003 (Part 1):2003#2,0.85,Timber —Timber suitable for manufacture of door shutters shall be in accordance with IS 12896 : 1990.
IS 1003 (Part 1):2003,installation,IS 2338 (Part 1),IS 1003 (Part 1):2003#5.4,0.85,As specified in IS 2338 (Part 1)* and IS 2338 (Part 2)+.
IS 1003 (Part 1):2003,installation,IS 2338 (Part 2),IS 1003 (Part 1):2003#5.4,0.85,As specified in IS 2338 (Part 1)* and IS 2338 (Part 2)+.
IS 1003 (Part 1):2003,normative_reference,IS 287:1993,IS 1003 (Part 1):2003#2.1,0.85,The maximum permissible moisture content in timber shall be as specified in IS 287 : 1993+.
IS 1003 (Part 1):2003,installation,IS 401,IS 1003 (Part 1):2003#2.2,0.85,as specified in IS 401‡
IS 1003 (Part 2):1994,normative_reference,IS 12896:1990,IS 1003 (Part 2):1994#2,0.85,Timber - Timber suitable for manufacture of window and ventilator shutters shall be in accordance with IS 12896 : 1990* .
IS 1003 (Part 2):1994,test_method,IS 1826:1961,IS 1003 (Part 2):1994#6,0.9,ecification for timber panelled and glazed shutter: Part 2 Window and ventilator shutter (third revision) SUMMARY OF IS 1826 : 1961 VENETIAN BLINDS FOR WINDOWS 1.
IS 1003 (Part 2):1994,normative_reference,IS 1826:1961,IS 1003 (Part 2):1994#6.3,0.75,"For detailed information, refer to IS 1826 : 1961."
IS 1003 (Part 2):1994,normative_reference,IS 287:1993,IS 1003 (Part 2):1994#2,0.85,The maximum permissible moisture content shall be as specified in IS 287 : 1993+.
IS 1003 (Part 2):1994,test_method,IS 399:1963,IS 1003 (Part 2):1994#6,0.9,1 Timber - Wooden slats and rails shall be made from timbers having durability of class I and II timbers as given in IS 399 : 1963.
IS 10124 (PART 1 ):1988,related_product,IS 4985:1988,IS 10124 (PART 1 ):1988#1,0.85,"ction, and marking of all types of fabricated PVC fittings for jointing with solvent cement to the PVC pipes covered in IS 4985 : 1988 for portable water supplies."
IS 10124 (PART 1 ):1988,related_product,IS 4985:2000,IS 10124 (PART 1 ):1988#2,0.9,Material —The pipes used for the fabrication of PVC fittings for portable water supplies shall conform to IS 4985 : 2000*
IS 10124 (PART 1 ):1988,related_product,IS 4985:2000,IS 10124 (PART 1 ):1988#3,0.85,Size of Fitting —The size of fittings shall be designated by the nominal diameters of the pipe given in IS 4985 : 2000 with which they are to be used.
IS 10124 (Part 10):1988,same_family_part,IS 10124 (Part 1):1988,IS 10124 (Part 10):1988#2,0.95,"Requirements — The general requirements for materials, sizes, methods of test, sampling and critieria for conformity shall conform to IS 10124 (Part 1) : 1988."
IS 10124 (Part 11):1988,same_family_part,IS 10124 (Part 1):1988,IS 10124 (Part 11):1988#2,0.95,"Requirements — The general requirements for materials, sizes, methods of test, sampling and critieria for conformity shall conform to IS 10124 (Part 1) : 1988."
IS 10124 (Part 12):1988,same_family_part,IS 10124 (Part 1):1988,IS 10124 (Part 12):1988#2,0.95,"Requirements — The general requirements for materials, sizes, methods of test, sampling and critieria for conformity shall conform to IS 10124 (Part 1) : 1988."
IS 10124 (Part 13):1988,same_family_part,IS 10124 (Part 1):1988,IS 10124 (Part 13):1988#2,0.95,"Requirements — The general requirements for materials, sizes, methods of test, sampling and critieria for conformity shall conform to IS 10124 (Part 1) : 1988."
IS 10124 (Part 2):1988,same_family_part,IS 10124 (Part 1):1988,IS 10124 (Part 2):1988#2,0.95,"Requirements — The general requirements for materials, sizes, methods of test, sampling and criteria for conformity shall conform to IS 10124 (Part 1) : 1988."
IS 10124 (Part 3):1988,same_family_part,IS 10124 (Part 1):1988,IS 10124 (Part 3):1988#2,0.95,"Requirements — The general requirements for material, sizes, methods of test, sampling and criteria for conformity shall conform to IS 10124 (Part 1) :1988."
IS 10124 (Part 3):1988,same_family_part,IS 10124 (Part 1):1988,IS 10124 (Part 3):1988#4,0.95,0 MPa) Yellow D— Mean socket internal diameter at mid-point of socket length as specified in IS 10124 (Part 1) : 1988*.
IS 10124 (Part 3):1988,same_family_part,IS 10124 (Part 1):1988,IS 10124 (Part 3):1988#4,0.95,L—minimum socket length in accordance with IS 10124 (Part 1) : 1988*.
IS 10124 (Part 5):1988,same_family_part,IS 10124 (Part 1),IS 10124 (Part 5):1988#4,0.95,L = minimum socket length in accordance with IS : 10124 (Part 1) 1988*.
IS 10124 (Part 5):1988,same_family_part,IS 10124 (Part 1):1988,IS 10124 (Part 5):1988#2,0.95,"Requirements—The general requirements for materials, sizes, methods of test, sampling and critieria for conformity shall conform to IS 10124 (Part 1) : 1988."
IS 10124 (Part 5):1988,same_family_part,IS 10124 (Part 1):1988,IS 10124 (Part 5):1988#4,0.95,D = mean socket internal diameter at mid-point of socket length as specified in IS : 10124 (Part 1) - 1988*.
IS 10124 (Part 6):1988,same_family_part,IS 10124 (Part 1):1988,IS 10124 (Part 6):1988#2,0.95,"Requirements —The general requirements for materials, sizes, methods of test, sampling and critieria for conformity shall conform to IS 10124 (Part 1) : 1988."
IS 10124 (Part 7):1988,same_family_part,IS 10124 (Part 1):1988,IS 10124 (Part 7):1988#2,0.95,"Requirements - The general requirements for sizes, methods of test, sampling and critieria for conformity shall conform to IS 10124 (Part 1) : 1988."
IS 10124 (Part 8):1988,same_family_part,IS 10124 (Part 1):1988,IS 10124 (Part 8):1988#2,0.95,"Requirements — The general requirements for materials, sizes, methods of test, sampling and critieria for conformity shall conform to IS 10124 (Part 1) : 1988."
IS 10124 (Part 9):1988,same_family_part,IS 10124 (Part 1):1988,IS 10124 (Part 9):1988#2,0.95,"Requirements — The general requirements for materials, sizes, methods of test, sampling and critieria for conformity shall conform to IS 10124 (Part 1) : 1988."
IS 10238:2001,test_method,IS 1367 (Part 13),IS 10238:2001#7.1,0.92,1 The step bolts shall be galvanized in accordance with IS1367(Part13)*
IS 10238:2001,normative_reference,IS 1367 (Part 2),IS 10238:2001#3,0.75,Grades - The step bolts shall be of product Grade C as specified in IS 1367 (Part 2)+
IS 10238:2001,related_product,IS 1367 (Part 3),IS 10238:2001#4,0.85,6 as specified in IS1367 (Part 3)++
IS 10238:2001,normative_reference,IS 1367 (Part 9/Sec2),IS 10238:2001#6,0.85,General Requirements -The permissible surface discontinuities of the step bolts shall conform to IS 1367(Part 9/Sec2).
IS 10292:1988,related_product,IS 1592:1989,IS 10292:1988#1,0.95,cast iron detachable joints conforming to IS 8794 : 1988* for joining the asbestos cement pressure pipes conforming to IS 1592 : 1989+.
IS 10292:1988,related_product,IS 5382:1985,IS 10292:1988#2,0.85,"General — Requirements of rubbr sealing rings as specified in IS 5382 : 1985, shall be complied with."
IS 10292:1988,normative_reference,IS 5382:1985,IS 10292:1988#2,0.85,The rubber rings shall conform to type 3 of IS 5382 : 1985.
IS 10292:1988,related_product,IS 8794:1988,IS 10292:1988#1,0.95,Scope — Specifies the dimensional requirements for rubber sealing rings to be used with cast iron detachable joints conforming to IS 8794 : 1988* for joining the asbestos cement pressure pipes conforming to IS 1592 : 1989+.
IS 10299:1982,related_product,IS 1592:1989,IS 10299:1982#1,0.95,Scope — Requirements for cast iron saddle piece for service connection from asbestos cement pressure pipes conforming to IS 1592 : 1989*
IS 10360:1982,test_method,IS 2185 (Part 1):1997,IS 10360:1982#3,0.95,"SUMMARY OF IS 10360 : 1982 LIME-POZZOLANA CONCRETE BLOCKS FOR PAVING (Second Revision) Note — For method of tests, refer to IS 2185 (Part 1): 1997 Concrete masonry units Part 1 Hollow and solid concrete blocks IS 2690 (Part 2):1992 Burnt clay flat terracing tiles:"
IS 10360:1982,test_method,IS 2690 (Part 2):1992,IS 10360:1982#3,0.95,"— For method of tests, refer to IS 2185 (Part 1): 1997 Concrete masonry units Part 1 Hollow and solid concrete blocks IS 2690 (Part 2):1992 Burnt clay flat terracing tiles: Part 2 Handmade (second revision), and IS 9284:1979 Method of test for abrasion resis"
IS 10360:1982,test_method,IS 9284:1979,IS 10360:1982#3,0.98,"nd solid concrete blocks IS 2690 (Part 2):1992 Burnt clay flat terracing tiles: Part 2 Handmade (second revision), and IS 9284:1979 Method of test for abrasion resistance of concrete, For detailed information, refer to IS 10360:1982 Specification for"
IS 10388:1982,normative_reference,IS 269:1989,IS 10388:1982#2.1,0.85,"1Cement—This shall conform to either IS 269:1989* or IS 8041 : 1990† or IS 8112 : 1989‡ SUMMARY OF IS 10388 : 1982 CORRUGATED COIR, WOODWOOL, CEMENT ROOFING SHEETS N"
IS 10388:1982,normative_reference,IS 8041:1990,IS 10388:1982#2.1,0.85,"1Cement—This shall conform to either IS 269:1989* or IS 8041 : 1990† or IS 8112 : 1989‡ SUMMARY OF IS 10388 : 1982 CORRUGATED COIR, WOODWOOL, CEMENT ROOFING SHEETS Note — For methods of"
IS 10388:1982,normative_reference,IS 8112:1989,IS 10388:1982#2.1,0.85,"1Cement—This shall conform to either IS 269:1989* or IS 8041 : 1990† or IS 8112 : 1989‡ SUMMARY OF IS 10388 : 1982 CORRUGATED COIR, WOODWOOL, CEMENT ROOFING SHEETS Note — For methods of tests , refer to App"
IS 1038:1983,normative_reference,IS 2835:1987,IS 1038:1983#4.2,0.85,2 Glass Panes - Minimum 3 mm thick and shall conform to IS 2835 : 1987.
IS 1038:1983,normative_reference,IS 4043:1969,IS 1038:1983#2,0.85,"Symbolic Designation - The direction of closing and faces of doors, windows and shutters shall be designated in accordance with IS 4043 : 1969."
IS 1038:1983,normative_reference,IS 7452:1990,IS 1038:1983#4.1,0.85,1 Rolled Steel Sections - Shall conform to IS 7452 : 1990.
IS 10394:1982,related_product,IS 212:1983,IS 10394:1982#6,0.85,3 IS 212 : 1983 Crude coal tar for general use (second revision) 7.
IS 10394:1982,related_product,IS 215:1995,IS 10394:1982#6,0.85,5 IS 215 : 1995 Road tar (third revision) 7.
IS 10394:1982,related_product,IS 216:1961,IS 10394:1982#6,0.85,6 IS 216 : 1961 Coal tar pitch (revised) 7.
IS 10394:1982,related_product,IS 218:1983,IS 10394:1982#6,0.85,8 IS 218 : 1983 Creosote oil for use as wood preservatives (second revision) 7.
IS 10394:1982,related_product,IS 3117:2004,IS 10394:1982#6,0.85,11 IS 3117 : 2004 Bitumen emulsion for roads and allied application (anionic type) (first revision) 7.
IS 10394:1982,related_product,IS 454:1994,IS 10394:1982#6,0.85,9 IS 454 : 1994 Cutback bitumen from waxy crude (second revision) 7.
IS 10394:1982,related_product,IS 702:1988,IS 10394:1982#6,0.85,10 IS 702 : 1988 Industrial bitumen (second revision) 7.
IS 10394:1982,related_product,IS 8887:2004,IS 10394:1982#6,0.85,12 IS 8887 : 2004 Bitumen emulsion for roads (cationic type) (second revision) 7.
IS 10394:1982,related_product,IS 9912:1981,IS 10394:1982#6,0.85,14 IS 9912 : 1981 Coal tar based coating materials and suitable primers for protecting 7.
IS 10701:1983,test_method,IS 1734,IS 10701:1983#11,0.98,25 vi) Modulus of rigidity : 588 vii) Rolling shear strength : 3 Note - For methods of tests refer to various parts of IS 1734.
IS 10701:1983,test_method,IS 2753:1991,IS 10701:1983#11,0.98,Methods of tests for plywood and all parts of IS 2753 :1991.
IS 10701:1983,normative_reference,IS 303:1989,IS 10701:1983#3,0.85,Plywood - Shall conform to BMP grade in accordance with IS 303 : 1989 +.
IS 10701:1983,related_product,IS 5539:1969,IS 10701:1983#4,0.85,Treatment - Shall be given preservative treatment with fixed type of preservatives as per IS 5539 :1969 ++.
IS 10701:1983,normative_reference,IS 848:1974,IS 10701:1983#2.2,0.85,2 Adhesive — Shall conform to BWP type specified in IS 848 : 1974*.
IS 10772:1983,test_method,IS 1514:1990,IS 10772:1983#5,0.98,"SUMMARY OF IS 10772 :1983 QUICK SETTING LIME POZZOLANA MIXTURE Note —For methods of tests, refer to various parts of IS 1514:1990 Methods of sampling and tests for quicklime and hydrated lime (first revision) IS 1727:1967 Method of test for pozzo"
IS 10772:1983,test_method,IS 1727:1967,IS 10772:1983#5,0.98,fer to various parts of IS 1514:1990 Methods of sampling and tests for quicklime and hydrated lime (first revision) IS 1727:1967 Method of test for pozzolanic material (first revision).
IS 10772:1983,test_method,IS 4031,IS 10772:1983#5,0.92,"Various parts of IS 4031 Methods of physical tests for hydraulic cement IS 4098:1983 Lime-pozzolana mixture (first revision), and Various part"
IS 10772:1983,related_product,IS 4098:1983,IS 10772:1983#5,0.85,"Various parts of IS 4031 Methods of physical tests for hydraulic cement IS 4098:1983 Lime-pozzolana mixture (first revision), and Various parts of IS 6932 Methods of test for building limes."
IS 10772:1983,test_method,IS 6932,IS 10772:1983#5,0.92,"ods of physical tests for hydraulic cement IS 4098:1983 Lime-pozzolana mixture (first revision), and Various parts of IS 6932 Methods of test for building limes."
IS 1077:1992,related_product,IS 2180,IS 1077:1992#1,0.85,"used in buildings with compressive strength less than 40 N/mm2 Note— For burnt clay bricks having higher strength, see IS 2180*."
IS 1077:1992,related_product,IS 2180:1988,IS 1077:1992#3,0.85,*IS 2180:1988 Heavy-duty burnt clay building bricks (second revision).
IS 1077:1992,test_method,IS 3495:1992,IS 1077:1992#6.3,0.98,"Note — For methods of tests, refer to relevent parts of IS 3495 : 1992 Methods of tests of burnt clay buildings bricks (third revision)."
IS 1079:1994,test_method,IS 10175 (Part 1):1993,IS 1079:1994#9,0.98,Mechanical testing of metals Tensile testing (second revision)and IS 10175 (Part 1) :1993.
IS 1079:1994,test_method,IS 1599:1985,IS 1079:1994#9,0.92,"85 g/cm3: Note1 — For test proceedures, refer to IS 1599 : 1985 Method of bend test (second revision)."
IS 1079:1994,test_method,IS 1608:1995,IS 1079:1994#9,0.92,IS 1608 : 1995.
IS 1079:1994,related_product,IS 1730:1989,IS 1079:1994#8.1,0.9,1 Dimensions of steel sheet and strip shall conform to the dimension specified in IS 1730 : 1989.
IS 1079:1994,related_product,IS 1852:1985,IS 1079:1994#8.2,0.85,"2 Tolerance on length, width,thickness,and mass of the steel sheet and strip shall confirm to the limits specifiedin IS 1852:1985."
IS 110:1983,test_method,IS 101:1964,IS 110:1983#2.8,0.95,"nt Not below 30ºC ix) Keeping properties Not less than six months Note - For test procedures, refer to the standard and IS 101: 1964 Methods of test for ready mixed paints and enamels (second revision)."
IS 11128:1984,test_method,IS 3144:1992,IS 11128:1984#2.9.1,0.98,"Note - For method of tests, refer to IS 3144 : 1992 Mineral wool thermal insulation materials - Methods of test (second revision), IS 3346 : 1980 method of determination o"
IS 11128:1984,test_method,IS 3346:1980,IS 11128:1984#2.9.1,0.98,"Note - For method of tests, refer to IS 3144 : 1992 Mineral wool thermal insulation materials - Methods of test (second revision), IS 3346 : 1980 method of determination of thermal conductivity of thermal insulating materials (two slab guarded hot plate method) (f"
IS 11128:1984,test_method,IS 5688:1982,IS 11128:1984#2.9.1,0.98,"mination of thermal conductivity of thermal insulating materials (two slab guarded hot plate method) (first revision), IS 5688 : 1982 Methods of test for preformed block-type and pipe covering type thermal insulation (first revision), and IS 5724 : 1970"
IS 11128:1984,test_method,IS 5724:1970,IS 11128:1984#2.9.1,0.98,"IS 5688 : 1982 Methods of test for preformed block-type and pipe covering type thermal insulation (first revision), and IS 5724 : 1970 Method of test for thermal insulating cements."
IS 1120:1975,normative_reference,IS 451:1999,IS 1120:1975#3,0.75,"Note - In regard to the requirements not covered in the standard, refer to IS 451 : 1999 Technical supply conditions for wood screws (third revision)."
IS 11246:1992,related_product,IS 11320:1997,IS 11246:1992#2.1,0.85,1 Glass Fibre — As per IS 11320: 1997* and IS 11551 : 1996+ Low alkali glass with glass content of the laminate minimum 30 percent by weight.
IS 11246:1992,related_product,IS 11551:1996,IS 11246:1992#2.1,0.85,1 Glass Fibre — As per IS 11320: 1997* and IS 11551 : 1996+ Low alkali glass with glass content of the laminate minimum 30 percent by weight.
IS 1128:1974,test_method,IS 1121 (Part 2):1974,IS 1128:1974#5,0.98,"Note — For methods of tests, refer to IS 1121(Part 2):1974 Methods of test for determination of strength properties of natural building stones."
IS 1128:1974,test_method,IS 1124:1974,IS 1128:1974#5,0.92,"Part 2 Transverse strength (first revision), IS 1124:1974 Method of test for determination for water absorption, apparent specific gravity and porosity of natural building ston"
IS 1128:1974,test_method,IS 1126:1974,IS 1128:1974#5,0.92,"rmination for water absorption, apparent specific gravity and porosity of natural building stones (first revision) and IS 1126:1974 Method of test for determination of durability of natural building stones (first revision)"
IS 11307:1985,test_method,IS 3346:1980,IS 11307:1985#2.7.4,0.98,"Note - For method of tests, refer to Appendix A of the standard, IS 3346 : 1980 Method of determination of thermal conductivity of thermal insulating materials (two slab guarded hot plate method) (f"
IS 11307:1985,test_method,IS 5688:1982,IS 11307:1985#2.7.4,0.92,"tion of thermal conductivity of thermal insulating materials (two slab guarded hot plate method) (first revision), and IS 5688 : 1982 Methods of test for preformed block-type and pipe covering type thermal insulation (first revision)."
IS 11308:1985,test_method,IS 3144:1992,IS 11308:1985#3.4,0.98,", Max 15 15 c) Crushing strength, kN/m2, Min 900 2000 Note - For method of tests, refer to Appendix A of the standard, IS 3144 : 1992 Mineral wool thermal insulation materials - Methods of test (second revision), IS 3346 : 1980 Method of determination"
IS 11308:1985,test_method,IS 3346:1980,IS 11308:1985#3.4,0.98,"ndix A of the standard, IS 3144 : 1992 Mineral wool thermal insulation materials - Methods of test (second revision), IS 3346 : 1980 Method of determination of thermal conductivity of thermal insulating materials (two slab guarded hot plate method) (f"
IS 11308:1985,test_method,IS 5688:1982,IS 11308:1985#3.4,0.98,"mination of thermal conductivity of thermal insulating materials (two slab guarded hot plate method) (first revision), IS 5688 : 1982 Methods of test for preformed block-type and pipe covering type thermal insulation (first revision), and IS 5724 : 197"
IS 11308:1985,test_method,IS 5724:1970,IS 11308:1985#3.4,0.98,"S 5688 : 1982 Methods of test for preformed block-type and pipe covering type thermal insulation (first revision), and IS 5724 : 1970 Method of test for thermal insulating cements, and IS 9490 : 1980 Method of determination of thermal conductiviy of ins"
IS 11308:1985,test_method,IS 9490:1980,IS 11308:1985#3.4,0.98,"vering type thermal insulation (first revision), and IS 5724 : 1970 Method of test for thermal insulating cements, and IS 9490 : 1980 Method of determination of thermal conductiviy of insulation materials (water calorimeter method)."
IS 1130:1969,test_method,IS 1122:1974,IS 1130:1969#7,0.95,"Note — For method of tests, refer to IS 1122:1974 Method of test for determination of true specific gravity of natural building stones (first revision), and IS 1124:1974"
IS 1130:1969,test_method,IS 1124:1974,IS 1130:1969#7,0.98,"IS 1122:1974 Method of test for determination of true specific gravity of natural building stones (first revision), and IS 1124:1974 Method of test for determination of water absorption, apparent specific gravity and porosity of natural building stones (first revision)."
IS 11433 (Part 1):1985,same_family_part,IS 11433,IS 11433 (Part 1):1985#4.6.3,0.95,": 1986 One-part gun-grade polysuphide- based joint sealants, Part 2 Methods of test For detailed information, refer to IS 11433 Part 1: 1985 Specifications for one-part gun-grade polysulphide-based joint sealants: Part 1 General requirements"
IS 11433 (Part 1):1985,same_family_part,IS 11433 (Part 2):1986,IS 11433 (Part 1):1985#4.6.3,0.95,"Note — For Methods of test , refer to IS 11433 (Part 2) : 1986 One-part gun-grade polysuphide- based joint sealants, Part 2 Methods of test For detailed information, refer to IS 114"
IS 1148:1982,test_method,IS 1599:1985,IS 1148:1982#6.4,0.92,"Note - For test proceedures, refer to IS 1599 : 1985 Method of bend test (second revision), and IS 1608 : 1995 Mechanical testing of metals-Tensile testing (second revision)."
IS 1148:1982,test_method,IS 1608:1995,IS 1148:1982#6.4,0.92,"Note - For test proceedures, refer to IS 1599 : 1985 Method of bend test (second revision), and IS 1608 : 1995 Mechanical testing of metals-Tensile testing (second revision)."
IS 1149:1982,related_product,IS 1148:1982,IS 1149:1982#5,0.85,Dimensional Tolerances : Shall be similar as specified for IS 1148 : 1982*.
IS 1149:1982,test_method,IS 1599:1985,IS 1149:1982#6.4,0.92,"Note - For test proceedures, refer to IS 1599 : 1985 Method of bend test (second revision), IS 1608 : 1995 Mechanical testing of metals-Tensile testing (second revision) a"
IS 1149:1982,test_method,IS 1608:1995,IS 1149:1982#6.4,0.98,"Note - For test proceedures, refer to IS 1599 : 1985 Method of bend test (second revision), IS 1608 : 1995 Mechanical testing of metals-Tensile testing (second revision) and IS 5242 :1979 Method of test for determining shear"
IS 1149:1982,test_method,IS 5242:1979,IS 1149:1982#6.4,0.98,"hod of bend test (second revision), IS 1608 : 1995 Mechanical testing of metals-Tensile testing (second revision) and IS 5242 :1979 Method of test for determining shear strength of metals (first revision)."
IS 11587:1986,test_method,IS 1599:1985,IS 11587:1986#7,0.92,"+Rolling and cutting tolerances for hot rolled steel products (fourth revision) Note 1- For test proceedures, refer to the standard, IS1599 : 1985 method of bend test (second revision), IS 1608 :1995 Mechanical testing of metals-tensile testing (second revision) and"
IS 11587:1986,test_method,IS 1608:1995,IS 11587:1986#7,0.98,"rth revision) Note 1- For test proceedures, refer to the standard, IS1599 : 1985 method of bend test (second revision), IS 1608 :1995 Mechanical testing of metals-tensile testing (second revision) and IS 1757:1988 Method of charpy impact test (v notch)"
IS 11587:1986,test_method,IS 1757:1988,IS 11587:1986#7,0.95,"method of bend test (second revision), IS 1608 :1995 Mechanical testing of metals-tensile testing (second revision) and IS 1757:1988 Method of charpy impact test (v notch) for mettallic materials (second revision) Note 2- For chemical composition ref"
IS 11587:1986,related_product,IS 1852:1985,IS 11587:1986#7,0.95,Tolerances - Rolling and cutting tolerances for steel products conforming to this standard shall be those specified in IS 1852 :1985+.
IS 1161:1998,related_product,IS 107,IS 1161:1998#3,0.9,Material — The tubes shall be manufactured from steel conforming to IS 107 48 : 1995*
IS 1161:1998,test_method,IS 1608:1995,IS 1161:1998#9.2,0.98,"65 So Min MPa MPa Percent YSt210 330 210 20 YSt240 410 240 17 YSt310 450 310 14 Note1 - For test proceedures, refer to IS 1608 : 1995 Mechanical testing of metals-Tensile testing (second revision), IS 2328 : 1983 Method of flattening test on metalli"
IS 1161:1998,test_method,IS 2328:1983,IS 1161:1998#9.2,0.98,"te1 - For test proceedures, refer to IS 1608 : 1995 Mechanical testing of metals-Tensile testing (second revision), IS 2328 : 1983 Method of flattening test on metallic tubes (first revision), IS 2329 : 1985 Method for bend test on metallic tubes (fi"
IS 1161:1998,test_method,IS 2329:1985,IS 1161:1998#9.2,0.98,"etals-Tensile testing (second revision), IS 2328 : 1983 Method of flattening test on metallic tubes (first revision), IS 2329 : 1985 Method for bend test on metallic tubes (first revision), IS 4736 : 1986."
IS 1161:1998,related_product,IS 4736:1986,IS 1161:1998#9.2,0.85,"tening test on metallic tubes (first revision), IS 2329 : 1985 Method for bend test on metallic tubes (first revision), IS 4736 : 1986."
IS 11925:1986,related_product,IS 5382:1985,IS 11925:1986#5,0.85,"8 above ground work ± ± Note—IS 5382 : 1985 Rubber sealing rings for gas gains, water mains and sewers (first revision)."
IS 1195:2002,test_method,IS 1203:1978,IS 1195:2002#5,0.98,"Note—For methods of tests for bitumen, refer to IS 1203:1978 Determination of penetration."
IS 1195:2002,test_method,IS 1205:1978,IS 1195:2002#5,0.92,IS 1205:1978 Determination of softening point.
IS 1195:2002,test_method,IS 1208:1978,IS 1195:2002#5,0.92,IS 1208:1978 Determination of ductility.
IS 1195:2002,test_method,IS 1212:1978,IS 1195:2002#5,0.92,IS 1212:1978 Determination of loss on heating.
IS 1195:2002,test_method,IS 1217:1978,IS 1195:2002#5,0.92,IS 1217:1978 Determination of mineral matter (ASH).
IS 12118 (Part 1):1987,normative_reference,IS 10360:1982,IS 12118 (Part 1):1987#4.1.2,0.88,11 IS 10360 : 1982 Lime pozzolana concrete blocks for paving 2.
IS 12118 (Part 1):1987,normative_reference,IS 10772:1983,IS 12118 (Part 1):1987#4.1.2,0.88,12 IS 10772 : 1983 Quick setting lime pozzolana mixture 2.
IS 12118 (Part 1):1987,normative_reference,IS 12894:2002,IS 12118 (Part 1):1987#4.1.2,0.88,13 IS 12894 : 2002 Pulverized fuel ash-lime bricks (first Revision) 2.
IS 12118 (Part 1):1987,normative_reference,IS 2686:1977,IS 12118 (Part 1):1987#4.1.2,0.88,3 IS 2686 : 1977 Cinder as fine aggregate for use in lime concrete (first revision) 2.
IS 12118 (Part 1):1987,normative_reference,IS 3068:1986,IS 12118 (Part 1):1987#4.1.2,0.88,6 IS 3068 : 1986 Broken brick (Burnt clay) coarse aggregates for use in lime concrete ( second revision) 2.
IS 12118 (Part 1):1987,normative_reference,IS 3115:1992,IS 12118 (Part 1):1987#4.1.2,0.88,7 IS 3115 : 1992 Lime based blocks (second revision) 2.
IS 12118 (Part 1):1987,normative_reference,IS 3182:1986,IS 12118 (Part 1):1987#4.1.2,0.88,8 IS 3182 : 1986 Broken brick (Burnt clay) fine aggregate for use in lime mortar (second revision) 2.
IS 12118 (Part 1):1987,normative_reference,IS 4098:1983,IS 12118 (Part 1):1987#4.1.2,0.88,9 IS 4098 : 1983 Lime pozzolana mixture (first revision) 2.
IS 12118 (Part 1):1987,normative_reference,IS 4139:1989,IS 12118 (Part 1):1987#4.1.2,0.88,10 IS 4139 : 1989 Calcum silicate bricks (second revision) 2.
IS 12118 (Part 1):1987,normative_reference,IS 712:1984,IS 12118 (Part 1):1987#4.1.2,0.88,"0 mm, when tested in a vertical position and shall not protrude in front of SECTION 2 BUILDING LIMES CONTENTS Title Page IS 712 : 1984 Building limes (third revision) 2."
IS 12269:1987,related_product,IS 269:1989,IS 12269:1987#1,0.85,y Portland cement having the compressive strength much higher than the minimum compressive strength limits specified in IS 269:1989*and IS 8112:1991+
IS 12269:1987,test_method,IS 4031,IS 12269:1987#4,0.98,"Note 2 — For methods of tests, refer to relevant parts of IS 4031 Methods of physical tests for hydraulic cement and IS 4032:1985 Methods of chemical analysis of hydraulic cement."
IS 12269:1987,test_method,IS 4032:1985,IS 12269:1987#4,0.98,"Note 2 — For methods of tests, refer to relevant parts of IS 4031 Methods of physical tests for hydraulic cement and IS 4032:1985 Methods of chemical analysis of hydraulic cement."
IS 12269:1987,related_product,IS 8112:1991,IS 12269:1987#1,0.85,t having the compressive strength much higher than the minimum compressive strength limits specified in IS 269:1989*and IS 8112:1991+
IS 1230:1979,test_method,IS 1500:1983,IS 1230:1979#1.2,0.92,"Note 2 — For test details, refer to the standard and IS 1500:1983 Methods for brinell hardness test for mettallic materials (second revision)."
IS 12313:1988,test_method,IS 1599:1985,IS 12313:1988#3.3,0.92,"03 Note - For test proceedures, refer to IS 1599 : 1985 Method of bend test (second revision); IS 1608 : 1995 Mechanical testing of metals - Tensile testing (second revision) and the standard."
IS 12313:1988,test_method,IS 1608:1995,IS 12313:1988#3.3,0.92,"03 Note - For test proceedures, refer to IS 1599 : 1985 Method of bend test (second revision); IS 1608 : 1995 Mechanical testing of metals - Tensile testing (second revision) and the standard."
IS 12330:1988,test_method,IS 4031,IS 12330:1988#4,0.98,"Note — For methods of tests, refer to relevant parts of IS 4031 Methods of physical tests for hydraulic cement and IS 4032 : 1985 Method of chemical analysis of hydraulic cement."
IS 12330:1988,test_method,IS 4032:1985,IS 12330:1988#4,0.98,"Note — For methods of tests, refer to relevant parts of IS 4031 Methods of physical tests for hydraulic cement and IS 4032 : 1985 Method of chemical analysis of hydraulic cement."
IS 1239 (Part 1):2004,test_method,IS 1608:1995,IS 1239 (Part 1):2004#11,0.98,Note — For methods of tests refer to IS 1608 : 1995 Mechanical testing of metals Tensile testing (second revision) and IS 2329 : 1985 Methods of bend test on metallic tube
IS 1239 (Part 1):2004,test_method,IS 2329:1985,IS 1239 (Part 1):2004#11,0.98,Note — For methods of tests refer to IS 1608 : 1995 Mechanical testing of metals Tensile testing (second revision) and IS 2329 : 1985 Methods of bend test on metallic tubes (in full section) (first revision).
IS 1239 (Part 1):2004,related_product,IS 4736:1986,IS 1239 (Part 1):2004#8,0.85,Coating shall be as per IS 4736 : 1986†.
IS 1239 (Part 1):2004,normative_reference,IS 554:1999,IS 1239 (Part 1):2004#6,0.75,Joints - All screwed tubes shall be supplied with pipe threads conforming to IS554 : 1999*
IS 1239 (Part 2),same_family_part,IS 1239 (Part 1):1990,IS 1239 (Part 2)#3.1,0.95,1 Tubulars shall be made from tubes which comply with all the appropriate requirement of IS 1239 (Part 1): 1990.
IS 1239 (Part 2),related_product,IS 3468:1991,IS 1239 (Part 2)#1,0.85,The requirements of backnuts are covered in IS 3468 : 1991+
IS 1239 (Part 2),related_product,IS 4736:1986,IS 1239 (Part 2)#10,0.85,"Galvanizing - Where tubulars sockets and fittings are required to be galvanised, the zinc coating shall be in accordange with IS 4736 : 1986+"
IS 1239 (Part 2),normative_reference,IS 554:1985,IS 1239 (Part 2)#8,0.85,All threads shall be in accordance with IS 554 : 1985*.
IS 12427:2001,normative_reference,IS 1367 (Part 13),IS 12427:2001#6.1,0.85,1 The bolts and nuts shall be hot-dip galvanized in accordance with the requirements of IS 1367 (Part13)*
IS 12427:2001,normative_reference,IS 1367 (Part 2),IS 12427:2001#3,0.75,"Grades - Unless otherwise specified, the bolts shall be of product grade 'C' as specified in IS 1367 (Part 2) *"
IS 12427:2001,related_product,IS 1367 (Part 3),IS 12427:2001#5.1,0.85,8 as specified in IS : 1367 (Part 3)* and shall be tested full size.
IS 12427:2001,normative_reference,IS 1367 (Part 9/sec 1),IS 12427:2001#7,0.85,General Requirements - The permissible surface discontinuities of the bolts shall conform to IS 1367 (Part 9/sec 1) *
IS 12427:2001,normative_reference,IS 14394,IS 12427:2001#4.1,0.85,1 Nuts—The hexagon nuts used with these bolts shall conform to the requirements given in IS 14394.
IS 12427:2001,related_product,IS 2140:1978,IS 12427:2001#8,0.85,3 IS 2140 : 1978 Stranded galvanized steel wire for fencing (first revision) 20.
IS 12427:2001,related_product,IS 2365:1977,IS 12427:2001#8,0.85,"4 IS 2365 : 1977 Steel wire suspension ropes for lifts, elevators, and hoist (first revision) 20."
IS 12427:2001,related_product,IS 2721:2003,IS 12427:2001#8,0.85,5 IS 2721 : 2003 Galvanized steel chain link fence fabric (first revision) 20.
IS 12427:2001,related_product,IS 278:1978,IS 12427:2001#8,0.85,*Technical supply conditions for threaded steel fasteners SECTION 20 WIRES ROPES AND WIRE PRODUCTS CONTENTS Title Page IS 278 : 1978 Galvanized steel barbed wire for fencing (third revision) 20.
IS 12436:1988,test_method,IS 11239:1985,IS 12436:1988#6.2.1,0.92,conductivity of thermal insulation material (two slab guarded hot plate method) (first revision) and relevant parts of IS 11239 : 1985 Method of test for cellular thermal insulating materials.
IS 12436:1988,test_method,IS 3346:1980,IS 12436:1988#6.2.1,0.98,"Note 2- For method of tests, refer to IS 3346 : 1980 Method of determination of thermal conductivity of thermal insulation material (two slab guarded hot plate method) (f"
IS 1254:1991,normative_reference,IS 2676:1981,IS 1254:1991#4.1,0.75,Tolerance on the thickness of the sheets shall be subject to the general thickness tolerance specifieid in IS 2676 : 1981.
IS 12592:2002,related_product,IS 13356:1992,IS 12592:2002#4.1,0.85,SUMMARY OF IS 13356 : 1992 PRECAST FERROCEMENT WATER TANKS UP TO 10 000 LITRES CAPACITY
IS 12592:2002,related_product,IS 13356:1992,IS 12592:2002#5.2,0.85,"For detailed information, refer to IS 13356:1992 Specification for precast ferrocement water tanks up to 10 000 litres capacity."
IS 12701:1996,normative_reference,IS 10141:1982,IS 12701:1996#2.2,0.75,"3% by mass of finished resin, should be physiologically harmless and should be selected from the list given in IS 10141: 1982."
IS 12701:1996,related_product,IS 10146:1982,IS 12701:1996#5.6,0.85,6 Overall Migration — As specified in IS 10146 :1982*
IS 12709:1994,normative_reference,IS 11273:1992,IS 12709:1994#4.2,0.85,"2 Glass Fibre Reinforcement — Glass fibre reinforcement shall be of commercial grade E type and shall conform to IS 11273:1992+, IS 11320 : 1985 * or IS 11551: 1986 ++, as a appropriate."
IS 12709:1994,normative_reference,IS 11320:1985,IS 12709:1994#4.2,0.85,"2 Glass Fibre Reinforcement — Glass fibre reinforcement shall be of commercial grade E type and shall conform to IS 11273:1992+, IS 11320 : 1985 * or IS 11551: 1986 ++, as a appropriate."
IS 12709:1994,normative_reference,IS 11551:1986,IS 12709:1994#4.2,0.85,"Glass fibre reinforcement shall be of commercial grade E type and shall conform to IS 11273:1992+, IS 11320 : 1985 * or IS 11551: 1986 ++, as a appropriate."
IS 12709:1994,normative_reference,IS 5382:1985,IS 12709:1994#4.2,0.85,3 Gasket— Elastomeric gaskets when used with the pipe shall conform to the requirements of IS 5382 : 1985.
IS 12709:1994,normative_reference,IS 6746:1994,IS 12709:1994#4.1,0.85,1 Resin - Appropriate type of unsaturated polyster resin systems conforming to IS 6746 : 1994@.
IS 12778:2004,normative_reference,IS 12779,IS 12778:2004#3.2,0.85,2 Dimensional and mass tolerances of the various sections shall conform to the appropriate values stipulated in IS 12779*.
IS 12778:2004,related_product,IS 1278:1972,IS 12778:2004#4,0.85,3 carbon manganese steel (Sixth revision) IS 1278 : 1972 Filler rods and wires for gas welding (second revision) 18.
IS 12778:2004,related_product,IS 1395:1982,IS 12778:2004#4,0.85,7 IS 1395 : 1982 Low and medium alloy steel covered electrodes for manual metal 18.
IS 12778:2004,normative_reference,IS 4972:1968,IS 12778:2004#4,0.75,8 arc welding (third revision) IS 4972 : 1968 Resistance spot welding electrodes 18.
IS 12778:2004,related_product,IS 5511:1991,IS 12778:2004#4,0.85,10 IS 5511 : 1991 Covered electrodes for manual metal arc welding of cast iron (first revision) 18.
IS 12778:2004,related_product,IS 5897:1985,IS 12778:2004#4,0.85,12 IS 5897 : 1985 Aluminium and aluminium alloy welding rods and wires and 18.
IS 12778:2004,related_product,IS 5898:1970,IS 12778:2004#4,0.85,14 magnesium alloy welding rods (first revision) IS 5898 : 1970 Copper and copper alloy bare solid welding rods and electrodes 18.
IS 12778:2004,related_product,IS 6419:1996,IS 12778:2004#4,0.85,15 IS 6419 : 1996 Welding rods and bare electrodes for gas shielded are welding of 18.
IS 12778:2004,related_product,IS 6560:1996,IS 12778:2004#4,0.85,16 structural steel (first revision) IS 6560 : 1996 Molybdenum and chromium-molybdenum low alloy welding rods 18.
IS 12778:2004,related_product,IS 7280:1974,IS 12778:2004#4,0.85,18 and bare electrodes (first revision) IS 7280 : 1974 Bare wire electrodes for submerged arc welding of structural steels 18.
IS 12778:2004,related_product,IS 814:2004,IS 12778:2004#4,0.85,SECTION 18 WELDING ELECTRODES AND WIRES CONTENTS Title Page IS 814 : 2004 Covered electrodes for manual metal arc welding of carbon and 18.
IS 12778:2004,related_product,IS 8363:1976,IS 12778:2004#4,0.85,20 IS 8363 : 1976 Base wire electrodes for electroslag welding of steels.
IS 12818:1992,normative_reference,IS 10151:1982,IS 12818:1992#2,0.85,Composition — The pipe shall be produced from material consisting substantially polyvinyl chloride conforming to IS 10151 : 1982* which may be added only those additives as are needed to facilitate manufacture of sound pipe with good surface finis
IS 12818:1992,test_method,IS 12235:1986,IS 12818:1992#8,0.98,"ods of testing plastics, Part 4 : Short term mechanical properties, Section 1 Determination of tensile properties; and IS 12235 : 1986 Methods of test for unplasticized PVC pipes for potable water supplies."
IS 12818:1992,normative_reference,IS 554:1985,IS 12818:1992#6,0.85,Screen and casing pipe of nominal diameter from 40 to 80 mm shall have threads in accordance with IS 554 : 1985*.
IS 12818:1992,test_method,IS 8543 (Part 1/Sec 2):1979,IS 12818:1992#8,0.95,"0 Note—For methods of test, refer to Appendix A of the standard, IS 8543 (Part 1/Sec 2) : 1979 Methods of testing plastics, Part 1: Characterization of polymer structure and size, section 2 : Determination of densi"
IS 12818:1992,normative_reference,IS 8543 (Part 4/sec 1):1984,IS 12818:1992#8,0.75,"astics, Part 1: Characterization of polymer structure and size, section 2 : Determination of density of solid plastics; IS 8543 (Part 4/sec 1) : 1984 Methods of testing plastics, Part 4 : Short term mechanical properties, Section 1 Determination of tensile properties;"
IS 12820:2004,related_product,IS 5382:1985,IS 12820:2004#2,0.85,Requirement for Gaskets — As per IS 5382 : 1985*.
IS 12820:2004,related_product,IS 5382:1985,IS 12820:2004#4,0.85,4 60 ± 5 — Bulb 2 50 ± 5 Push-on-joint — Heel5 80 4 + Refer to Table 1 of IS 5382 : 1985 4.
IS 12823:1990,normative_reference,IS 12049:1987,IS 12823:1990#5,0.85,Dimensions and Tolerances —Dimensions and tolerances shall conform to IS 12049:1987.
IS 12823:1990,test_method,IS 2380:1977,IS 12823:1990#7,0.98,"II 450 450 c) Type III 250 250 d) Type IV 75 75 Note— For method of test, refer to the standard and various parts of IS 2380 : 1977 Methods of test for wood particle boards and boards from other lignocellulosic materials ( first revision)."
IS 12823:1990,related_product,IS 3087:1985,IS 12823:1990#2,0.85,"Grades and Types—Prelaminated particle boards shall be of two grades, namely, Grade I and Grade II corresponding to IS 3087 : 1985+."
IS 12823:1990,normative_reference,IS 3087:1985,IS 12823:1990#3.1,0.85,1 Particle Board - Synthetic resin bonded flat pressed three layer or multi-layer or graded particle boards conforming to IS 3087 : 1985+ shall be used.
IS 1285:2002,normative_reference,IS 2673:2002,IS 1285:2002#3,0.75,Dimensions and Tolerances - The dimensions of extruded round tube and hollow sections and the tolerance shall be as laid down in IS 2673 : 2002* and IS 6477 : 1983 ** respectively.
IS 1285:2002,normative_reference,IS 6477:1983,IS 1285:2002#3,0.75,he dimensions of extruded round tube and hollow sections and the tolerance shall be as laid down in IS 2673 : 2002* and IS 6477 : 1983 ** respectively.
IS 12866:1989,related_product,IS 11551:1996,IS 12866:1989#2,0.9,Glassfibre shall be in the form of chopped strand mat having a highly soluble modified polyester binder in accordance with IS 11551:1996@ having a density of 450 g/m2 and minimum width of 500 mm.
IS 12866:1989,related_product,IS 1254:1991,IS 12866:1989#1,0.85,"of glass fibre reinforced translucent plastic sheeting of the profiles specified in IS 277 : 1992*, IS 459:1992** and IS 1254:1991+ for use in roofs."
IS 12866:1989,related_product,IS 277:1992,IS 12866:1989#1,0.85,"es, strength and light transmission of glass fibre reinforced translucent plastic sheeting of the profiles specified in IS 277 : 1992*, IS 459:1992** and IS 1254:1991+ for use in roofs."
IS 12866:1989,related_product,IS 277:1992,IS 12866:1989#4.1,0.85,5 810 2 200 of length profile in 910 2 500 accordance with 680 2 800 IS 277 : 1992 830 3 000 iii) Corrugated
IS 12866:1989,related_product,IS 459:1992,IS 12866:1989#1,0.85,"light transmission of glass fibre reinforced translucent plastic sheeting of the profiles specified in IS 277 : 1992*, IS 459:1992** and IS 1254:1991+ for use in roofs."
IS 12866:1989,related_product,IS 459:1992,IS 12866:1989#4.1,0.85,"00 of length cement, profile 2 45 + 3 338 + 6 1100 +10 +10 2 500 in accordance - 5 - 2 -5 -5 3 000 with IS 459:1992 ii) Corrugated 3 17."
IS 12867:1989,test_method,IS 8543 (Part 4/ Sec 1):1984,IS 12867:1989#4,0.95,"Requirements - See Table 1 Note 1 — For methods of tests, refer to Appendices A to C of the standard and IS 8543 (Part 4/ Sec 1): 1984 Method of testing plastics: Part 4 short term mechanical properties, Section 1 Determination of tensile properties."
IS 12894:2002,related_product,IS 1077,IS 12894:2002#1,0.85,rength less than 30 N/mm2 approximately 300 kg/cm2 are covered in this standard and for higher strength see IS 2180 and IS 1077.
IS 12894:2002,normative_reference,IS 1127:1970,IS 12894:2002#5.4,0.88,SECTION 3 STONES CONTENTS Title Page IS 1127 : 1970 Dimensions and workmanship of natural building stones for masonry work (first revision) 3.
IS 12894:2002,normative_reference,IS 1128:1974,IS 12894:2002#5.4,0.88,3 IS 1128 : 1974 Lime stone (slab and tiles) (first revision) 3.
IS 12894:2002,normative_reference,IS 1130:1969,IS 12894:2002#5.4,0.88,"4 IS 1130 : 1969 Marble (blocks, slabs and tiles) 3."
IS 12894:2002,test_method,IS 14223 (Part 1):1995,IS 12894:2002#5.4,0.92,11 IS 14223 (Part 1) : 1995 Polished building stones : Part 1 Granite 3.
IS 12894:2002,related_product,IS 2180,IS 12894:2002#1,0.85,mpressive strength less than 30 N/mm2 approximately 300 kg/cm2 are covered in this standard and for higher strength see IS 2180 and IS 1077.
IS 12894:2002,normative_reference,IS 3316:1974,IS 12894:2002#5.4,0.88,5 IS 3316 : 1974 Structural granite (first revision) 3.
IS 12894:2002,test_method,IS 3495:1992,IS 12894:2002#4.2,0.98,"S 12894 : 2002 PULVERIZED FUEL ASH-LIME BRICKS (First Revision) Note — For methods of tests, refer to various part of IS 3495 :1992 Methods of tests of burnt clay building bricks (third revision) and IS 4139:1989."
IS 12894:2002,normative_reference,IS 3620:1979,IS 12894:2002#5.4,0.88,6 IS 3620 : 1979 Laterite stone block for masonry (first revision) 3.
IS 12894:2002,normative_reference,IS 3622:1977,IS 12894:2002#5.4,0.88,7 IS 3622 : 1977 Sand stones (Slabs and tiles) (first revision) 3.
IS 12894:2002,test_method,IS 4139:1989,IS 12894:2002#4.2,0.95,"s of tests, refer to various part of IS 3495 :1992 Methods of tests of burnt clay building bricks (third revision) and IS 4139:1989."
IS 12894:2002,normative_reference,IS 6250:1981,IS 12894:2002#5.4,0.88,8 IS 6250 : 1981 Roofing slate tiles (first revision) 3.
IS 12894:2002,normative_reference,IS 6579:1981,IS 12894:2002#5.4,0.88,9 IS 6579 : 1981 Coarse aggregate for water bound macadom (first revision) 3.
IS 12894:2002,normative_reference,IS 9394:1979,IS 12894:2002#5.4,0.88,10 IS 9394 : 1979 Stone lintels 3.
IS 12896:1990,test_method,IS 11215:1991,IS 12896:1990#4.3,0.92,ming to IS 287:1993* by a suitable process specified in IS 1141:1993+ and moisture content shall be determined as per IS 11215:1991‡.
IS 12896:1990,normative_reference,IS 1141:1993,IS 12896:1990#4.3,0.85,Timber shall be seasoned to moisure content conforming to IS 287:1993* by a suitable process specified in IS 1141:1993+ and moisture content shall be determined as per IS 11215:1991‡.
IS 12896:1990,normative_reference,IS 287:1993,IS 12896:1990#4.3,0.85,Timber shall be seasoned to moisure content conforming to IS 287:1993* by a suitable process specified in IS 1141:1993+ and moisture content shall be determined as per IS 11215:1991‡.
IS 12896:1990,normative_reference,IS 401:1982,IS 12896:1990#3.2,0.85,and sapwood of durability Class II and III species shall be pressure treated with suitable preservatives conforming to IS 401: 1982* except in the following conditions.
IS 12896:1990,installation,IS 401:1982,IS 12896:1990#3.2,0.85,abilty Class III (c) in Annex F of the standard shall be treated to refusal under pressure when proper retentions as in IS 401 : 1982* for ground contact condition are not achievable.
IS 12987:1991,normative_reference,IS 9627:1980,IS 12987:1991#1,0.85,Scope — Covers the requirements for cast iron detachable joints to be used with asbestos cement pressure pipes (light duty) conforming to IS 9627:1980.
IS 12987:1991,related_product,IS 9627:1980,IS 12987:1991#3.3,0.85,"The collars shall withstand the test pressure specified in Table 1 of IS 9627 : 1980 for 15 Seconds without showing any leakage, sweating or other defects."
IS 12988:1991,related_product,IS 12987:1991,IS 12988:1991#1,0.95,Scope —Specifies the dimensional requirement for rubber sealing rings to be used with cast iron detachable joints conforming to IS : 12987 : 1991* for joining light duty asbestos cement pressure pipes conforming to IS : 9627 1980*
IS 12988:1991,normative_reference,IS 5382:1985,IS 12988:1991#2.1,0.85,1 The rubber sealing rings shall conform to the general requirement and type 3 of IS 5382:1985++
IS 12988:1991,related_product,IS 9627,IS 12988:1991#1,0.95,detachable joints conforming to IS : 12987 : 1991* for joining light duty asbestos cement pressure pipes conforming to IS : 9627 1980*
IS 13000:1990,test_method,IS 5913:1989,IS 13000:1990#4.2,0.98,"be as follows— SUMMARY OF IS 13000 : 1990 SILICA ASBESTOS - CEMENT FLAT SHEETS Note— For methods of tests, refer to IS 5913:1989 Methods of test for asbestos cement products (first revision)."
IS 13008:1990,test_method,IS 5913:1989,IS 13008:1990#4,0.98,"2 v) Length of sheet 1 500 1 750 2 000 ±10 2 250 Note— For methods of tests, refer to IS 5913:1989 Methods of tests for asbestos cement products (first revision)."
IS 13026:1991,test_method,IS 1203:1978,IS 13026:1991#4,0.98,"ed shall have electrical resistance between 5×10 4 ohms and 2×106 ohms Note— For methods of tests for bitumen, refer to IS 1203:1978 Determination of penetration."
IS 13026:1991,test_method,IS 1205:1978,IS 13026:1991#4,0.92,IS 1205:1978 Determination of softening point.
IS 13026:1991,test_method,IS 1208:1978,IS 13026:1991#4,0.92,IS 1208:1978 Determination of ductility.
IS 13026:1991,test_method,IS 1212:1978,IS 13026:1991#4,0.92,IS 1212:1978 Determination of loss on heating.
IS 13026:1991,test_method,IS 1216:1978,IS 13026:1991#4,0.92,IS 1216:1978 Determination of solubility in Carbon disulphide tricholorethylene.
IS 13204:1991,related_product,IS 10889:1984,IS 13204:1991#4.2.2,0.85,10 IS 10889 : 1984 High density polyethylene films 24.
IS 13204:1991,test_method,IS 11239:1985,IS 13204:1991#4.2.2,0.92,conductivity of thermal insulating materials (two slab guarded hot plate method) (first revision) and relevant parts of IS 11239 : 1985 Method of test for cellular thermal insulating materials.
IS 13204:1991,related_product,IS 12830:1989,IS 13204:1991#4.2.2,0.85,11 IS 12830 : 1989 Rubber based adhesives for fixing PVC tiles to cement 24.
IS 13204:1991,related_product,IS 12994:1990,IS 13204:1991#4.2.2,0.85,"13 IS 12994 : 1990 Epoxy adhesives room temperature curing, general purpose 24."
IS 13204:1991,related_product,IS 14182:1994,IS 13204:1991#4.2.2,0.85,14 IS 14182 : 1994 Solvent cement for use with unplasticized PVC plastic pipe fittings 24.
IS 13204:1991,related_product,IS 14443:1997,IS 13204:1991#4.2.2,0.85,15 IS 14443 : 1997 Polycarbonate sheets 24.
IS 13204:1991,related_product,IS 14643:1999,IS 13204:1991#4.2.2,0.85,17 IS 14643 : 1999 Unsintered polytetra fluoroethylene ( PTFE) tapes for thread 24.
IS 13204:1991,related_product,IS 14753:1999,IS 13204:1991#4.2.2,0.85,19 sealing applications IS 14753 : 1999 Polymethyl methacrylate (PMMA) (Acrylic) sheets 24.
IS 13204:1991,related_product,IS 2036:1995,IS 13204:1991#4.2.2,0.85,SECTION 24 PLASTICS CONTENTS Title Page IS 2036 : 1995 Phenolic laminated sheets (second revision) 24.
IS 13204:1991,related_product,IS 2046:1995,IS 13204:1991#4.2.2,0.85,3 IS 2046 : 1995 Decorative thermosetting synthetic resin bonded laminated sheets 24.
IS 13204:1991,related_product,IS 2508:1984,IS 13204:1991#4.2.2,0.85,5 (second revision) IS 2508 : 1984 Low density polyethylene films (second revision) 24.
IS 13204:1991,test_method,IS 3144:1992,IS 13204:1991#4.2.2,0.98,"Note2 - For method of tests, refer to IS 3144 : 1992 Mineral wool thermal insulation materials Methods of tests (second revision), IS 3346 : 1980 Method of determination of"
IS 13204:1991,test_method,IS 3346:1980,IS 13204:1991#4.2.2,0.98,"Note2 - For method of tests, refer to IS 3144 : 1992 Mineral wool thermal insulation materials Methods of tests (second revision), IS 3346 : 1980 Method of determination of thermal conductivity of thermal insulating materials (two slab guarded hot plate method) (fi"
IS 13204:1991,related_product,IS 6307:1985,IS 13204:1991#4.2.2,0.85,8 IS 6307 : 1985 Rigid PVC sheets (first revision) 24.
IS 1322:1993,test_method,IS 13826,IS 1322:1993#5.2,0.98,See Fig. 1 of the standard for cutting test pieces from the roll Note— For test procidures refer to IS 13826 Methods of test for bitumen based felt: IS (Part 1) : 1993 Breaking strength test.
IS 1322:1993,normative_reference,IS 2818 (Part 2):1971,IS 1322:1993#5.2,0.85,In the case of hessian base the weight of untreated base shall conform to IS 2818 (Part2) : 1971.
IS 1326:1992,installation,IS 1141:1993,IS 1326:1992#7,0.85,than the length of larger split (whichever is more) shall be adequately coated with any of the materials mentioned in IS 1141 : 1993*.
IS 1326:1992,related_product,IS 1331:1971,IS 1326:1992#3.1,0.85,SUMMRY OF IS 1331 : 1971 CUT SIZES OF TIMBERS (Second Revision) TABLE 1 SIZES OF CUT TIMBER FOR STOCKING PURPOSES All measurements in centimetres.
IS 1326:1992,related_product,IS 1331:1971,IS 1326:1992#3.1,0.85,"- - - x x x x x x x 20 - - - - - - - - - x - - - - - x = preferred size of the width For detailed information, refer to IS 1331 : 1971 Specification for cut sizes of timbers (second revision)."
IS 1326:1992,test_method,IS 3364 (Part 2):1976,IS 1326:1992#7,0.92,Note — For method of measurement of defects in timber refer to IS 3364 (Part 2) : 1976 Method of measurement and evaluation of defects in timber.
IS 1328:1996,normative_reference,IS 12049:1987,IS 1328:1996#5.1,0.75,1 The dimensions and tolerances (including on thickness ) of plywood shall be as given in IS 12049 : 1987 ++.
IS 1328:1996,test_method,IS 1734 (Part 1):1983,IS 1328:1996#7,0.98,"Note—For method of tests, refer to the standard and IS 1734 (Part 1) : 1983 Method of tests for plywood, Part1 determination of density and moisture(second revision)."
IS 1328:1996,related_product,IS 303:1989,IS 1328:1996#3,0.9,"However, a list of species, given in Annex B of IS 303 : 1989* may be used for guidance The adhesive for bonding of veneers shall be MR and BWR type synthetic resin adhesive, confor"
IS 1328:1996,related_product,IS 303:1989,IS 1328:1996#3,0.9,"Plywood, when used in the manufacture of veneered decorative plywood of MR and BWR grade shall be MR and BWR type conforming to IS 303 : 1989."
IS 1328:1996,related_product,IS 848:1974,IS 1328:1996#3,0.9,"used for guidance The adhesive for bonding of veneers shall be MR and BWR type synthetic resin adhesive, conforming to IS 848: 1974."
IS 13349:1992,related_product,IS 14845:2000,IS 13349:1992#8.1,0.85,"ed tin bronze vi) Stem nut Leaded tin bronze vii) Body seat ring Leaded tin bronze viii) Bolts Carbon steel SUMMMARY OF IS 14845 : 2000 RESILIENT SEATED CAST IRON AIR RELIEF VALVES FOR WATER WORKS PURPOSES For detailed information, refer to IS 14845:2000"
IS 13349:1992,related_product,IS 14845:2000,IS 13349:1992#8.1,0.85,"14845 : 2000 RESILIENT SEATED CAST IRON AIR RELIEF VALVES FOR WATER WORKS PURPOSES For detailed information, refer to IS 14845:2000 Resilient sealed cast Iron air relief valves for water works purposes ix) Nuts Carbon steel x) Gasket Rubber xi) Gland"
IS 13382:2004,normative_reference,IS 12820:1989,IS 13382:2004#4,0.85,Rubber Gaskets - Shall conform to IS 12820 : 1989+
IS 13382:2004,normative_reference,IS 210:1993,IS 13382:2004#2,0.85,Metal — Shall conform to appropiate grade of IS 210 : 1993*
IS 13592:1992,test_method,IS 12235 (Part 7):1986,IS 13592:1992#9,0.92,13 g when tested as per IS 12235 (Part 7) : 1986.
IS 13592:1992,test_method,IS 12235 (Part 9):1986,IS 13592:1992#9.1,0.92,"Impact Strength at 0oC — When tested by the method in IS : 12235 (Part 9) : 1986, the pipe sample shall not fracture or crack through its complete wall thickness."
IS 13592:1992,test_method,IS 12235:1986,IS 13592:1992#9.2,0.92,"plastics, Part 4 Short term mechanical properties, Section 1 Determination of tensile properties and relevant parts of IS 12235 : 1986 Methods of test for unplasticized PVC pipes for potable water supplies."
IS 13592:1992,normative_reference,IS 14182,IS 13592:1992#10,0.85,Jointing of solvent cementing joints is to be created out using selvent conforming to IS 14182
IS 13592:1992,test_method,IS 6307:1985,IS 13592:1992#9.2,0.95,"Note— For methods of tests refer to Appendix A of the standard, IS 6307 : 1985 Rigid PVC sheets (first revision), IS 8543 (Part 4/sec 1) 1984 Methods of testing plastics, Part 4 Short term mechanica"
IS 13592:1992,test_method,IS 8543 (Part 4/sec 1),IS 13592:1992#9.2,0.95,"Note— For methods of tests refer to Appendix A of the standard, IS 6307 : 1985 Rigid PVC sheets (first revision), IS 8543 (Part 4/sec 1) 1984 Methods of testing plastics, Part 4 Short term mechanical properties, Section 1 Determination of tensile propertie"
IS 1361:1978,normative_reference,IS 4042:1969,IS 1361:1978#2,0.75,Handing - Handing and direction of closing of sashes shall be according to IS 4042 : 1969.
IS 13620:1993,normative_reference,IS 1786:1985,IS 13620:1993#3,0.85,Reinforcing Steel Steel reinforcing bars to be coated shall conform to IS 1786 : 1985*
IS 1365:1978,normative_reference,IS 1367,IS 1365:1978#2.1,0.85,1 Mechanical Properties - Shall conform to IS : 1367*.
IS 1365:1978,normative_reference,IS 1367,IS 1365:1978#2.2,0.75,2 Grade— Precision Grade (P) of IS : 1367*—
IS 13753:1993,test_method,IS 13630,IS 13753:1993#5,0.92,TABLE 1 REQUIREMENTS Characteristics Requirements Test According to IS 13630 A) Dimensions and Surface Quality i) Length and Width Part 1 e The deviation in % of the average size for each tile 1 12 cm: 0.
IS 13753:1993,test_method,IS 13630,IS 13753:1993#5,0.98,"Note — For methods of tests, refer to various parts of IS 13630 Methods of tests for Ceramic tiles For detailed information, refer to IS 13753:1993Specification for Dust-pressed ceram"
IS 13753:1993,terminology,IS 13712:1993,IS 13753:1993#1.1,0.92,"1It is applicable only to dust-pressed ceramic glazed tiles first quality, with a water absorption (E>10%) according to Group B III of IS 13712 : 1993* for use as both wall and floor coverings."
IS 13754:1993,test_method,IS 13630,IS 13754:1993#5,0.92,5 Characteristics Surface S of the Product (cm2) Test According to IS 13630 S ≤ 90 90 < S ≤ 190 190 < S ≤ 410 s > 410 (A) Dimensions and surface Quality i) Lenght and width Part 1 e The deviation in % of the ± 1.
IS 13754:1993,test_method,IS 13630,IS 13754:1993#5,0.98,"Note 2—For methods of tests, refer to various parts of IS 13630 Methods of tests for ceramic tiles."
IS 13754:1993,terminology,IS 13712:1993,IS 13754:1993#1,0.92,"first quality, including tiles premounted on sheets, with a water absorption of 6%<E ≤10% according to Group B- IIb of IS 13712:1993* for interior and exterior use on both floors and walls."
IS 13754:1993,terminology,IS 13712:1993,IS 13754:1993#5,0.92,"Note1— For details regarding classification and characteristics, refer to IS 13712:1993 Ceramic tiles- definitions, classifications, characteristics and marking."
IS 13755:1993,test_method,IS 13630,IS 13755:1993#5,0.92,6 ≤ Characteristics Surface S of the Product (cm2) Test According to IS 13630 S ≤ 90 90 < S ≤ 190 190 < S ≤ 410 s > 410 (A) Dimensions and surface Quality i) Lenght and width Part 1 e The deviation in % of the ± 1.
IS 13755:1993,terminology,IS 13712:1993,IS 13755:1993#1,0.92,"first quality, including tiles premounted on sheets, with a water absorption of 3%<E 6% according to Group B IIa of IS 13712 : 1993* for interior and exterior use on both floors floors and walls."
IS 13756:1993,test_method,IS 13630,IS 13756:1993#5,0.92,± ± ± ± ± ± ± ± ± ± ± Characteristics Surface S of the Product (cm2) Test According to IS 13630 S ≤ 90 90 < S ≤ 190 190 < S ≤ 410 s > 410 (A) Dimensions and surface Quality i) Lenght and width Part 1 e The deviation in % of the ± 1.
IS 13756:1993,test_method,IS 13630,IS 13756:1993#5,0.98,"ost resistance Required Part 10 ix) Moisture expansion unglazed Part 3 tiles mm/m Note — For methods of tests, refer to IS 13630 methods of test for ceramic tiles."
IS 13756:1993,terminology,IS 13712:1993,IS 13756:1993#1,0.92,"es including tiles premounted on sheets of first quality, with a low water absorption (E ≤ 3%) according to Group BI of IS 13712 : 1993 Ceramic tiles- Efinitions, Classifications, Characteristics and marking."
IS 13757:1993,related_product,IS 1077:1992,IS 13757:1993#1,0.85,"than 30 N/mm2 (approximately 300 kgf/cm2) are covered in this standard and for higher strength, see IS 2180 :1988* and IS 1077 : 1992**"
IS 13757:1993,related_product,IS 2180:1988,IS 13757:1993#1,0.85,"ssive strength less than 30 N/mm2 (approximately 300 kgf/cm2) are covered in this standard and for higher strength, see IS 2180 :1988* and IS 1077 : 1992**"
IS 13757:1993,test_method,IS 3495:1992,IS 13757:1993#6.3,0.98,"For methods of tests, refer to relevant parts of IS 3495:1992 Method of test for burnt clay building bricks (third revision)."
IS 13957:1994,normative_reference,IS 12049:1987,IS 13957:1994#3,0.75,Dimensions and Tolerances—The dimensions of metal faced plywood boards shall be as given for plywood in IS 12049 :1987§.
IS 13957:1994,normative_reference,IS 12049:1987,IS 13957:1994#3.1,0.85,1 Tolerances - The tolerances on the nominal sizes of finished boards shall be as specified in IS 12049:1987.
IS 13957:1994,normative_reference,IS 277:1992,IS 13957:1994#2.2,0.85,2 Galvanised Iron Sheets— Shall conform to IS 277 : 1992++.
IS 13957:1994,normative_reference,IS 303:1989,IS 13957:1994#2.1,0.85,1 Plywood — Shall be BWR grade conforming to IS 303 : 1989*.
IS 13957:1994,normative_reference,IS 737:1986,IS 13957:1994#2.3,0.85,3 Aluminium Sheet — Shall conform to IS 737 : 1986 @.
IS 13958:1994,normative_reference,IS 1003:1994,IS 13958:1994#7.2,0.88,3 IS 1003 : 1994 Timber panelled and glazed shutters Part 2- window and ventilator shutters (third revision) 13.
IS 13958:1994,normative_reference,IS 1003:2003,IS 13958:1994#7.2,0.88,"SECTION 13 DOORS, WINDOWS AND SHUTTERS CONTENTS Title Page WOODEN DOORS AND WINDOWS - FRAMES AND SHUTTERS IS 1003 : 2003 Timber panelled and glazed shutters Part 1- Door shutters (fourth revision) 13."
IS 13958:1994,normative_reference,IS 1038:1983,IS 13958:1994#7.2,0.88,"19 METAL DOORS AND WINDOWS-FRAMES AND SHUTTERS IS1038 : 1983 Steel doors,windows and ventilators (third revision) 13."
IS 13958:1994,normative_reference,IS 10451:1983,IS 13958:1994#7.2,0.88,31 IS10451 : 1983 Steel sliding shutters (top hung type) 13.
IS 13958:1994,normative_reference,IS 10521:1983,IS 13958:1994#7.2,0.88,32 IS10521 : 1983 Collapsible gates 13.
IS 13958:1994,normative_reference,IS 12049,IS 13958:1994#6.3,0.85,The squareness and edge straightness of the board shall be as specified in IS 12049.
IS 13958:1994,normative_reference,IS 12049:1987,IS 13958:1994#3.1,0.75,The dimension of bamboo mat boards shall be as given for plywood in IS 12049 : 1987++.
IS 13958:1994,normative_reference,IS 12049:1987,IS 13958:1994#5.3,0.75,1 The dimensions of bamboo mat-veneer composite shall be as given for plywood in IS 12049: 1987 ++ 4.
IS 13958:1994,normative_reference,IS 1361:1978,IS 13958:1994#7.2,0.88,21 IS1361 : 1978 Steel windows for industrial buildings (first revision) 13.
IS 13958:1994,related_product,IS 14588:1999,IS 13958:1994#5.3,0.85,3 Surface strength Test - (Alternate) SUMMARY OF IS 14588 : 1999 BAMBOO MAT-VEENER COMPOSITE FOR GENERAL PURPOSES 1.
IS 13958:1994,related_product,IS 14588:1999,IS 13958:1994#6.3,0.85,"d particle boards and boards from other lignocellulosic materials ( first revision) For detailed information, refer to IS 14588 : 1999 Specification for bamboo mat - veneer composite for general purposes."
IS 13958:1994,related_product,IS 14842:2000,IS 13958:1994#6.3,0.85,SUMMARY OF IS 14842 : 2000 COIR VENEER BOARD FOR GENERAL PURPOSES 1.
IS 13958:1994,normative_reference,IS 14842:2000,IS 13958:1994#7.2,0.88,"For detailed information, refer to IS 14842 : 2000 Specification for bamboo mat - veneer composite for general purposes."
IS 13958:1994,normative_reference,IS 14856:2000,IS 13958:1994#7.2,0.88,33 GRP PANEL DOOR SHUTTERS IS14856 : 2000 Glass fibre reinforced plastic (GRP) door shutters for internal use 13.
IS 13958:1994,normative_reference,IS 15380:2003,IS 13958:1994#7.2,0.88,18 IS 15380:2003 Moulded Raised High Density Fibre (HDF) Panel doors.
IS 13958:1994,normative_reference,IS 15476:2004,IS 13958:1994#7.2,0.88,SUMMARY OF IS 15476 : 2004 BAMBOO MAT CORRUGATED SHEETS 1.
IS 13958:1994,normative_reference,IS 15476:2004,IS 13958:1994#7.2,0.88,"For detailed information, refer to IS 15476: 2004 Specification for bamboo mat corrugated sheets."
IS 13958:1994,normative_reference,IS 15491:2004,IS 13958:1994#7.2,0.88,SUMMARY OF IS 15491 : 2004 MEDIUM DENSITY COIRBOARDS FOR GENERAL PURPOSES 1.
IS 13958:1994,test_method,IS 1734 (Part 1),IS 13958:1994#7.2,0.98,"hall have a moisture content not less than 5 percent and not more than 15 percent Note - For methods of tests, refer to IS 1734 (Part 1) IS 1734 (Part6 ) IS1734 (Part 7) and Annexure C of the standard."
IS 13958:1994,test_method,IS 1734 (Part 4):1983,IS 13958:1994#6.3,0.92,"st revision) ++ Dimension and tolerances relating to wood based panel materials Note - For methods of tests, refer to IS1734 (Part 4) :1983."
IS 13958:1994,test_method,IS 1734 (Part 6),IS 13958:1994#7.2,0.98,"ure content not less than 5 percent and not more than 15 percent Note - For methods of tests, refer to IS 1734 (Part 1) IS 1734 (Part6 ) IS1734 (Part 7) and Annexure C of the standard."
IS 13958:1994,test_method,IS 1734 (Part 7),IS 13958:1994#7.2,0.98,"ess than 5 percent and not more than 15 percent Note - For methods of tests, refer to IS 1734 (Part 1) IS 1734 (Part6 ) IS1734 (Part 7) and Annexure C of the standard."
IS 13958:1994,normative_reference,IS 1826:1961,IS 13958:1994#7.2,0.88,5 IS 1826 : 1961 Venetian blinds for windows 13.
IS 13958:1994,normative_reference,IS 1948:1961,IS 13958:1994#7.2,0.88,"23 IS1948 : 1961 Aluminium doors, windows and ventilators 13."
IS 13958:1994,normative_reference,IS 1949:1961,IS 13958:1994#7.2,0.88,25 IS1949 : 1961 Aluminium windows for industrial buildings 13.
IS 13958:1994,normative_reference,IS 2191,IS 13958:1994#7.2,0.88,9 IS 2191: (Part 2): 1983 Particle board and hard boards face panels (fourth revision) 13.
IS 13958:1994,normative_reference,IS 2191 (Part 1):1983,IS 13958:1994#7.2,0.88,7 IS 2191 (Part 1) :1983 Wooden flush door shutters (cellular and hollow core type) Part 1- Plywood face panels (fourth revision) 13.
IS 13958:1994,normative_reference,IS 2202,IS 13958:1994#7.2,0.88,11 IS 2202 Wooden flush door shutters (solid core type) (Part 1) : 1999 Part 1- (Plywood face panels)
IS 13958:1994,test_method,IS 2380 (Part 5),IS 13958:1994#6.2.2,0.92,In wet state—Shall be subjected to attack by micro- organisms as per the method described in Annex C and then tested as per IS : 2380 (Part5) shall given an average and individual value of not less than 1.
IS 13958:1994,test_method,IS 2380 (Part 5),IS 13958:1994#6.2.3,0.92,subjected to attack by micro- organisms as per the method described in Annex C of the standard and then tested as per IS : 2380 (Part5) shall given an average and individual valuee of not less than 1.
IS 13958:1994,test_method,IS 2380:1977,IS 13958:1994#6.3,0.98,Method of test for plywood : Part 4 Detemination of glue shear strength (second revision) and IS 2380 : 1977.
IS 13958:1994,normative_reference,IS 4021:1995,IS 13958:1994#7.2,0.88,"14 IS4021 : 1995 Timber door, window and ventilator frames (third revision) 13."
IS 13958:1994,normative_reference,IS 4351:2003,IS 13958:1994#7.2,0.88,27 IS4351 : 2003 Steel door frames (first revision) 13.
IS 13958:1994,normative_reference,IS 4962:1968,IS 13958:1994#7.2,0.88,15 IS4962 : 1968 Wooden side sliding doors 13.
IS 13958:1994,normative_reference,IS 6198:1992,IS 13958:1994#7.2,0.88,"17 IS6198 : 1992 Ledged, braced and battened timber door shutters (second revision) 13."
IS 13958:1994,normative_reference,IS 6248:1979,IS 13958:1994#7.2,0.88,29 IS6248 : 1979 Metal rolling shutters and rolling grills (first revision) 13.
IS 13958:1994,normative_reference,IS 7452:1990,IS 13958:1994#7.2,0.88,"30 IS7452 : 1990 Hot rolled steel sections for doors, windows and ventilators (second revision) 13."
IS 13958:1994,normative_reference,IS 848,IS 13958:1994#6.3,0.85,3 Adhesive - Adhesive for manufacture of coir veneer board shall conform to BWR/MR of IS 848* for BWR/ MR grade of boards.
IS 13958:1994,normative_reference,IS 848,IS 13958:1994#7.2,0.85,2 Adhesive Resin for BMCS shall be phenolic tye conforming to BWP grade specified in IS 848.
IS 13958:1994,normative_reference,IS 848,IS 13958:1994#7.2,0.85,"4 Adhesive BWR type of synthetic resin adhesive conforming to IS 848 shall be used for the purpose of bonding for Grade 1, Grade 2 and Grade 3 boards to comply with hysical and mechanical"
IS 13958:1994,related_product,IS 848:1974,IS 13958:1994#2.2,0.85,2 Adhesive - Adhesive for bonding bamboo mat board shall be of phenolic type conforming to BWR type specified in IS848:1974.
IS 13958:1994,normative_reference,IS 848:1974,IS 13958:1994#5.3,0.85,2 Adhesive - Adhesive for bonding bamboo mat and veneer shall be of phenolic type conforming to BWR type specified in IS 848 : 1974+ 3.
IS 13990:1994,installation,IS 13994:1994,IS 13990:1994#2.2,0.85,"2 Partially Precast Joists — The width of precast joists shall be kept equal to required width of web of T- beam (see IS 13994 : 1994)* and the depth shall be kept equal to the required overall depth of T-beam less the thickness of flange, that is, the"
IS 13990:1994,installation,IS 13994:1994,IS 13990:1994#3.2,0.85,Reinforcement for RCC joist shall be provided as per design (see IS 13994 : 1994).
IS 13990:1994,related_product,IS 432,IS 13990:1994#3.2,0.95,"de 1 conforming to IS 432 (Part 1) : 1982+ as main reinforcement and 6 mm dia bars, of mild steel grade 1 conforming to IS 432 (Part * Code of practice for design and construction of floor and roof with precast reinforced concrete planks and joists."
IS 13990:1994,related_product,IS 432 (Part 1):1982,IS 13990:1994#3.2,0.95,"5 m, shall comprise 3 bars of 6 mm of mild steel grade 1 conforming to IS 432 (Part 1) : 1982+ as main reinforcement and 6 mm dia bars, of mild steel grade 1 conforming to IS 432 (Part * Code of practice for desig"
IS 13990:1994,normative_reference,IS 456:2000,IS 13990:1994#3.1,0.85,The design shall be in accordance with the limit state method of IS 456 : 2000.
IS 13990:1994,installation,IS 456:2000,IS 13990:1994#3.2,0.85,2 Reinforcement-as per IS 456 : 2000 — Reinforcement for planks for roofs and floors of residential buildings for spacing of joists at 1.
IS 14143:1994,installation,IS 14142:1994,IS 14143:1994#3.1.2,0.85,2 Reinforcement for RC joist shall be provided as per design (see IS 14142 : 1994).
IS 14143:1994,normative_reference,IS 2180:1988,IS 14143:1994#2.1.1,0.85,For bricks having strength more than 40 N/mm2 conforming to IS 2180 : 1988* the length of panel shall not exceed 1.
IS 14143:1994,normative_reference,IS 432 (Part 1):1982,IS 14143:1994#3.1.1,0.85,1 Reinforcement with two mild steel Grade 1 bars of 6 mm conforming to IS 432 (Part 1) : 1982* may be used in residential building.
IS 14182:1994,test_method,IS 2267:1995,IS 14182:1994#2.9,0.95,"Note 2- For methods of tests, refer to Appendices A to C of the standard, IS 2267 : 1995 Polystyrene moulding and extrusion materials (second revision), IS 5210 : 1995 High impact polystrene sheet (first revi"
IS 14182:1994,related_product,IS 4985,IS 14182:1994#2.5,0.85,3 of IS 4985*.
IS 14182:1994,normative_reference,IS 5210:1995,IS 14182:1994#2.9,0.88,"er to Appendices A to C of the standard, IS 2267 : 1995 Polystyrene moulding and extrusion materials (second revision), IS 5210 : 1995 High impact polystrene sheet (first revision), IS 6746 : 1994."
IS 14182:1994,normative_reference,IS 6746:1994,IS 14182:1994#2.9,0.88,"yrene moulding and extrusion materials (second revision), IS 5210 : 1995 High impact polystrene sheet (first revision), IS 6746 : 1994."
IS 14182:1994,normative_reference,IS 8543 (Part 4/Sec 1):1984,IS 14182:1994#2.9,0.88,"Unsaturated polyster resin systems (first revision) and IS 8543 (Part 4/Sec 1) : 1984 Methods of testing plastics : Part 4 Short term mechanical properties, Section 1 Determination of tensile properties."
IS 14201:1994,normative_reference,IS 14215:1994,IS 14201:1994#3.1,0.85,1 The channel units shall be designed in accordance with IS 14215:1994.
IS 14201:1994,related_product,IS 432 (Part 1):1982,IS 14201:1994#3.2.1,0.95,"Two bars of mild steel Grade 1 conforming to IS 432 (Part 1): 1982,* 6 mm shall be provided at top corners to support the stirrups (see Fig 2)."
IS 14223 (Part 1):1995,related_product,IS 1077:1992,IS 14223 (Part 1):1995#5,0.85,SECTION 4 CLAY PRODUCTS FOR BUILDINGS CONTENTS Title Page BRICKS IS 1077 : 1992 Common burnt clay building bricks (fifth revision) 4.
IS 14223 (Part 1):1995,test_method,IS 1121:1974,IS 14223 (Part 1):1995#5,0.98,"SUMMARY OF IS 14223 (PART 1) : 1995 POLISHED BUILDING STONES PART 1 GRANITE Note — For methods of test, refer to relevant parts of IS 1121:1974 Methods of test for determination of strength properties of natural building stones, (first revision) IS 1124:1974 Me"
IS 14223 (Part 1):1995,test_method,IS 1124:1974,IS 14223 (Part 1):1995#5,0.98,"f IS 1121:1974 Methods of test for determination of strength properties of natural building stones, (first revision) IS 1124:1974 Methods of test for dertermination of water absorption, apparent specific gravity and proposity of natural building st"
IS 14223 (Part 1):1995,test_method,IS 12608:1989,IS 14223 (Part 1):1995#5,0.98,", IS 1706:1972 Method for determination of resistance to wear by abrasion of natural building stones (first revision), IS 12608:1989 Methods of test for hardness of rock IS 13030:1991 Methods of test for laboratory determination of water content, poros"
IS 14223 (Part 1):1995,test_method,IS 13030:1991,IS 14223 (Part 1):1995#5,0.98,"ce to wear by abrasion of natural building stones (first revision), IS 12608:1989 Methods of test for hardness of rock IS 13030:1991 Methods of test for laboratory determination of water content, porosity, density and related properties of rock materia"
IS 14223 (Part 1):1995,test_method,IS 13311 (Part 1):1992,IS 14223 (Part 1):1995#5,0.98,"thods of test for laboratory determination of water content, porosity, density and related properties of rock material, IS 13311 (Part 1):1992 Methods of non-destructive testing of concrete: Part 1 Ultrasonic pulse velocity and IS 13630 (Part 13):1993 Methods of"
IS 14223 (Part 1):1995,related_product,IS 13317:1992,IS 14223 (Part 1):1995#5,0.85,21 IS 13317 : 1992 Clay roofing country tiles - half round and flat tiles.
IS 14223 (Part 1):1995,test_method,IS 13630 (Part 13):1993,IS 14223 (Part 1):1995#5,0.98,"k material, IS 13311 (Part 1):1992 Methods of non-destructive testing of concrete: Part 1 Ultrasonic pulse velocity and IS 13630 (Part 13):1993 Methods of test for ceramic tiles: Part 13 Determination of scratch hardness of surface according to Mohs."
IS 14223 (Part 1):1995,related_product,IS 13757:1993,IS 14223 (Part 1):1995#5,0.85,11 IS 13757 : 1993 Burnt clay fly ash building bricks 4.
IS 14223 (Part 1):1995,related_product,IS 1464:1992,IS 14223 (Part 1):1995#5,0.85,14 IS 1464 : 1992 Clay ridge and ceiling tiles (second revision) 4.
IS 14223 (Part 1):1995,related_product,IS 1478:1992,IS 14223 (Part 1):1995#5,0.85,15 IS 1478 : 1992 Clay flooring tiles (second revision) 4.
IS 14223 (Part 1):1995,test_method,IS 1706:1972,IS 14223 (Part 1):1995#5,0.92,"rtermination of water absorption, apparent specific gravity and proposity of natural building stones (first revision), IS 1706:1972 Method for determination of resistance to wear by abrasion of natural building stones (first revision), IS 12608:1989"
IS 14223 (Part 1):1995,related_product,IS 2180:1988,IS 14223 (Part 1):1995#5,0.85,3 IS 2180 : 1988 Heavy duty burnt clay building bricks (third revision) 4.
IS 14223 (Part 1):1995,related_product,IS 2222:1991,IS 14223 (Part 1):1995#5,0.85,4 IS 2222 : 1991 Burnt clay perforated building bricks (third revision) 4.
IS 14223 (Part 1):1995,related_product,IS 2690,IS 14223 (Part 1):1995#5,0.85,16 IS 2690 Burnt clay flat terracing tiles: (Part 1) : 1993 Machine-made (second revision) 4.
IS 14223 (Part 1):1995,related_product,IS 2691:1988,IS 14223 (Part 1):1995#5,0.85,5 IS 2691 : 1988 Burnt clay facing bricks (second revision) 4.
IS 14223 (Part 1):1995,related_product,IS 3367:1993,IS 14223 (Part 1):1995#5,0.85,18 IS 3367 : 1993 Burnt clay tiles for use in lining irrigation and drainage works (second revision) 4.
IS 14223 (Part 1):1995,related_product,IS 3583:1988,IS 14223 (Part 1):1995#5,0.85,6 IS 3583 : 1988 Burnt clay paving bricks (second revision) 4.
IS 14223 (Part 1):1995,related_product,IS 3951,IS 14223 (Part 1):1995#5,0.85,19 IS 3951 Hollow clay tiles for floors and roofs: (Part 1) : 1975 Filler type (first revision) 4.
IS 14223 (Part 1):1995,related_product,IS 3952:1988,IS 14223 (Part 1):1995#5,0.85,7 IS 3952 : 1988 Burnt clay hollow bricks for walls and partitions (second revision) 4.
IS 14223 (Part 1):1995,related_product,IS 4885:1988,IS 14223 (Part 1):1995#5,0.85,8 IS 4885 : 1988 Sewer bricks (first revision) 4.
IS 14223 (Part 1):1995,related_product,IS 5779:1986,IS 14223 (Part 1):1995#5,0.85,9 IS 5779 : 1986 Burnt clay soling bricks (first revision) 4.
IS 14223 (Part 1):1995,normative_reference,IS 6165:1992,IS 14223 (Part 1):1995#5,0.75,10 IS 6165 : 1992 Dimensions of special shapes of clay bricks (first revision) 4.
IS 14223 (Part 1):1995,related_product,IS 654:1992,IS 14223 (Part 1):1995#5,0.85,"13 TILES IS 654 : 1992 Clay roofing tiles, mangalore pattern (third revision) 4."
IS 14223 (Part 1):1995,related_product,IS 7556:1988,IS 14223 (Part 1):1995#5,0.85,12 BURNT CLAY JALLIES IS 7556 : 1988 Burnt clay jallies (first revision) 4.
IS 14241:1995,normative_reference,IS 14242:1995,IS 14241:1995#2.2.4,0.85,4 Depth and width of rib— The dimensions of rib shall be determined in accordance with the design procedure laid down in IS 14242 : 1995.
IS 14241:1995,normative_reference,IS 14242:1995,IS 14241:1995#3.1,0.85,The required diameter shall be designed in accordance with IS 14242 : 1995.
IS 14241:1995,related_product,IS 1786:1978,IS 14241:1995#3.1,0.95,es for reinforcement conforming to mild steel Grade I of IS 432 (Part 1) : 1982* and high strength deformed bars as per IS 1786 : 1978.
IS 14241:1995,related_product,IS 432 (Part 1):1982,IS 14241:1995#3.1,0.95,"Alternatively, the required diameter may be taken from Table 2 which applies for reinforcement conforming to mild steel Grade I of IS 432 (Part 1) : 1982* and high strength deformed bars as per IS 1786 : 1978."
IS 14268:1995,related_product,IS 1079:1994,IS 14268:1995#4.3,0.85,13 IS 1079 : 1994 Hot-rolled carbon steel sheet and strip (fifth revision) 15.
IS 14268:1995,related_product,IS 1148:1982,IS 14268:1995#4.3,0.85,18 BARS WIRES IS 1148 : 1982 Hot-rolled steel rivet bars (up to 40 mm dia) for structural purposes (third revision) 15.
IS 14268:1995,normative_reference,IS 1149:1982,IS 14268:1995#4.3,0.75,20 IS 1149 : 1982 High tensile steel rivet bars for structural purposes (third revision) 15.
IS 14268:1995,related_product,IS 11587:1986,IS 14268:1995#4.3,0.85,6 (first revision) IS 11587 : 1986 Structural weather resistance steels 15.
IS 14268:1995,related_product,IS 1161:1998,IS 14268:1995#4.3,0.85,21 TUBES AND TUBULARS IS 1161 : 1998 Steel tubes for structural purposes (fourth revision) 15.
IS 14268:1995,related_product,IS 12313:1988,IS 14268:1995#4.3,0.85,17 IS 12313 : 1988 Hot dip terne coated carbon steel sheet 15.
IS 14268:1995,test_method,IS 1608:1995,IS 14268:1995#4.3,0.92,4 of the standard and IS 1608 :1995 Mechanical testing of metals- Tensile testing (second revision).
IS 14268:1995,normative_reference,IS 1977:1996,IS 14268:1995#4.3,0.75,SECTION 15 STRUCTURAL STEELS CONTENTS Title Page GENERAL IS 1977 : 1996 Low tensile structural steels (third revision) 15.
IS 14268:1995,related_product,IS 2062:1999,IS 14268:1995#4.3,0.85,3 IS 2062 : 1999 Steel for general structural purposes (fifth revision) 15.
IS 14268:1995,related_product,IS 277:2003,IS 14268:1995#4.3,0.85,"7 PLATES, SHEETS AND STRIPS IS 277 : 2003 Galvanised steel sheet (plain and corrugated) (fifth revision) 15."
IS 14268:1995,related_product,IS 280:1978,IS 14268:1995#4.3,0.85,25 Note1 - See also Section 17 Structural Shapes Note2 - IS 280 : 1978 Mild steel wire for general engineering purposes and IS 7887 : 1992.
IS 14268:1995,related_product,IS 3502:1994,IS 14268:1995#4.3,0.85,15 IS 3502 : 1994 Steel chequered plates (second revision) 15.
IS 14268:1995,related_product,IS 412:1975,IS 14268:1995#4.3,0.85,9 IS 412 : 1975 Expanded metal sheets for general purposes (second revision) 15.
IS 14268:1995,related_product,IS 4923:1997,IS 14268:1995#4.3,0.85,22 IS 4923 : 1997 Hollow steel sections for structural use (second revision) 15.
IS 14268:1995,related_product,IS 513:1994,IS 14268:1995#4.3,0.85,11 IS 513 : 1994 Cold rolled low carbon steel sheets and strips (fourth revision) 15.
IS 14268:1995,related_product,IS 7226:1974,IS 14268:1995#4.3,0.85,"16 IS 7226 : 1974 Cold rolled, medium high carbon and low alloy steel strip for general engineering purposes 15."
IS 14268:1995,related_product,IS 7887:1992,IS 14268:1995#4.3,0.85,25 Note1 - See also Section 17 Structural Shapes Note2 - IS 280 : 1978 Mild steel wire for general engineering purposes and IS 7887 : 1992.
IS 14268:1995,normative_reference,IS 8500:1991,IS 14268:1995#4.3,0.75,4 IS 8500 : 1991 Structural steel - micro alloyed (medium and high strength qualities) 15.
IS 14276:1995,related_product,IS 260:1969,IS 14276:1995#2,0.9,Suitable additives such as sodium silicate conforming to IS 381 : 1995* and aluminium sulphate conforming to IS 260 : 1969 +shall be used to prevent inhibitive effect of setting of cement when other species are used.
IS 14276:1995,related_product,IS 381:1995,IS 14276:1995#2,0.9,Suitable additives such as sodium silicate conforming to IS 381 : 1995* and aluminium sulphate conforming to IS 260 : 1969 +shall be used to prevent inhibitive effect of setting of cement w
IS 14276:1995,related_product,IS 8112:1989,IS 14276:1995#2,0.9,Cement conforming to IS 8112 : 1989++ shall be used.
IS 14333:1996,normative_reference,IS 7328:1992,IS 14333:1996#4.1,0.85,"or PEEWA - 57-T-003 or PEEWA-57-T-006 or SUMMARY OF IS 14333 : 1996 HIGH DENSITY POLYETHYELENE PIPES FOR SEWERAGE of IS 7328 : 1992*, HDPE conforming to designation PEEWA -45-T-012 PEEWA -50-T-012 or PEEWA - 57 - T - 012 of IS 7328 : 1992 may also b"
IS 14333:1996,normative_reference,IS 7328:1992,IS 14333:1996#4.1,0.85,"AGE of IS 7328 : 1992*, HDPE conforming to designation PEEWA -45-T-012 PEEWA -50-T-012 or PEEWA - 57 - T - 012 of IS 7328 : 1992 may also be used with the exception that melt flow rate (MFR ) shall be between 0."
IS 14402:1996,normative_reference,IS 11273:1992,IS 14402:1996#4.2,0.85,"2 Glass Fibre Reinforcement —Glass fibre reinforcement shall be of commercial grade E type and shall conform to IS 11273 : 1992+, IS 11320 : 1997‡ or IS 11551 : 1996§, as appropriate."
IS 14402:1996,normative_reference,IS 11320:1997,IS 14402:1996#4.2,0.85,"2 Glass Fibre Reinforcement —Glass fibre reinforcement shall be of commercial grade E type and shall conform to IS 11273 : 1992+, IS 11320 : 1997‡ or IS 11551 : 1996§, as appropriate."
IS 14402:1996,normative_reference,IS 11551:1996,IS 14402:1996#4.2,0.85,"s fibre reinforcement shall be of commercial grade E type and shall conform to IS 11273 : 1992+, IS 11320 : 1997‡ or IS 11551 : 1996§, as appropriate."
IS 14402:1996,normative_reference,IS 5382:1995,IS 14402:1996#6.3,0.85,Gaskets —Elastomeric gaskets when used with this pipe shall conform to the requirements of IS 5382 : 1995*.
IS 14402:1996,related_product,IS 6746:1994,IS 14402:1996#4.1,0.85,1 Resins —Appropriate type of unsaturated polyester resin systems conforming of IS 6746 : 1994* shall be used.
IS 14587:1998,normative_reference,IS 12049:1987,IS 14587:1998#5,0.85,Dimensions and Tolerances —Dimensions and tolerances shall conform to IS 12049 : 1987 ++
IS 14587:1998,normative_reference,IS 12406:1988,IS 14587:1998#3.1,0.85,1 Medium Density Fibre Board —Synthetic resin bonded medium density fibre board shall conform to IS 12406 : 1988 +
IS 14587:1998,test_method,IS 2380:1977,IS 14587:1998#6.7,0.98,"7 For Other Tests - See Table 1 Note: For methods of tests, refer to various parts of IS 2380 : 1977 Methods of tests for wood particle boards and boards from other lignocellulsic materials (first revision)."
IS 14616:1999,test_method,IS 1708,IS 14616:1999#6.4,0.98,"s of tests, refer to various parts of IS 1734 : 1983 Methods of test for plywood (second revision), various parts of IS : 1708 Methods of testing small clear specimens of timber (second revision) and IS 2380 : 1977 Methods of tests for wood"
IS 14616:1999,test_method,IS 1734 (Part 5),IS 14616:1999#6.2,0.92,2 Adhesion of Plies—Adhesion of plies shall be tested by knife test as described in IS 1734 (Part 5) on three specimens each under the following condition— a) In the dry state.
IS 14616:1999,test_method,IS 1734:1983,IS 14616:1999#6.4,0.98,"crew holding power: a) Edge(N), Min 2300 b) Face (N), Min 2700 Note - For methods of tests, refer to various parts of IS 1734 : 1983 Methods of test for plywood (second revision), various parts of IS : 1708 Methods of testing small clear specime"
IS 14616:1999,test_method,IS 2380:1977,IS 14616:1999#6.4,0.98,"revision), various parts of IS : 1708 Methods of testing small clear specimens of timber (second revision) and IS 2380 : 1977 Methods of tests for wood particle boards and boards from other lignocellulosic materials ( first revision)."
IS 14616:1999,installation,IS 401:1982,IS 14616:1999#3.3.2,0.85,"2 Only fixed type of water soluble preservatives, CCA or CCB, or non-leachable, solvent soluble preservatives as per IS 401: 1982 ++ shall be used for treating the veneers."
IS 14616:1999,installation,IS 401:1982,IS 14616:1999#3.3.3,0.85,3 Retentions of preservative shall be as per IS 401 : 1982 ++ depending upon the proposed end use.
IS 14616:1999,normative_reference,IS 848:1974,IS 14616:1999#3.2.1,0.85,1 Only BWP grade adhesive conforming to IS 848 : 1974 + shall be used for making LVL.
IS 14695:1999,related_product,IS 10124:1988,IS 14695:1999#3,0.85,96 IS 10124 : 1988 Specification for fabricated PVC fitting water supplies (first revision) Part I General requirements 10.
IS 14695:1999,normative_reference,IS 10292:1988,IS 14695:1999#3,0.75,60 IS 10292 : 1988 Dimensional requirements of rubber sealing rings for CID joints in asbestos cement piping (first revision) 10.
IS 14695:1999,related_product,IS 10299:1982,IS 14695:1999#3,0.85,61 IS 10299 : 1982 Cast iron saddle pieces for service connection from asbestos cement pressure pipes.
IS 14695:1999,related_product,IS 11246:1992,IS 14695:1999#3,0.85,196 IS 11246 : 1992 Glass fibre reinforced polyester resin (GRP) squatting pans (first revision) 10.
IS 14695:1999,related_product,IS 11925:1986,IS 14695:1999#3,0.85,67 FIBRE PIPES IS 11925 : 1986 Pitch impregnated fibre pipes and fittings for drainage puposes 10.
IS 14695:1999,related_product,IS 12234:1988,IS 14695:1999#3,0.85,221 IS 12234 : 1988 Plastic equilibrium float valves for cold water services 10.
IS 14695:1999,normative_reference,IS 1230:1979,IS 14695:1999#3,0.75,31 Cast - Iron IS: 1230 : 1979 Cast iron rain water pipes and fittings (second revision).
IS 14695:1999,related_product,IS 1239,IS 14695:1999#3,0.85,"130 STEEL TUBES, PIPES AND FITTINGS IS 1239: Steel tubes, tubulars and other wrought steel fittings Part I:2004 Steel tubes (sixth revision) 10."
IS 14695:1999,related_product,IS 12701:1996,IS 14695:1999#3,0.85,21 IS 12701:1996 Rotational moulded polyethylene water storage tanks (first revision) 10.
IS 14695:1999,related_product,IS 12709:1994,IS 14695:1999#3,0.85,113 IS 12709 : 1994 Glass fibre reinforced plaster (GRP) pipes joints and fittings for use for potable water supply (first revision).
IS 14695:1999,related_product,IS 12818:1992,IS 14695:1999#3,0.85,114 IS 12818 : 1992 Unplasticised PVC screens and casting pipes for bore / tubewell supplyuse 10.
IS 14695:1999,normative_reference,IS 12820:2004,IS 14695:1999#3,0.75,62 IS 12820 : 2004 Dimensional requirements of rubber gaskets for mechanical joints and push on joints for use with cast iron pipes a
IS 14695:1999,related_product,IS 12987:1991,IS 14695:1999#3,0.85,63 IS 12987 : 1991 Cast iron detachable joints for use with asbestos cement pressure pipes (light duty) 10.
IS 14695:1999,normative_reference,IS 12988:1991,IS 14695:1999#3,0.75,65 IS 12988 : 1991 Dimensional requirements for rubber sealing rings for CID joints in asbestos cement piping for light duty AC pipes.
IS 14695:1999,related_product,IS 13049:1991,IS 14695:1999#3,0.85,223 IS 13049 : 1991 Diaphragm type (Plastic body) float operated valves for cold water services 10.
IS 14695:1999,related_product,IS 13114:1991,IS 14695:1999#3,0.85,"224 IS 13114 : 1991 Forged brass gate, globe and check valves for water works purposes 10."
IS 14695:1999,related_product,IS 13349:1992,IS 14695:1999#3,0.85,225 IS 13349 : 1992 Single faced cast-iron thimble mounted sluice gates 10.
IS 14695:1999,related_product,IS 13382:2004,IS 14695:1999#3,0.85,"66 IS 13382 : 2004 Cast iron specials for mechanical and push- on flexible joints for pressure pipe lines for water, gas and sewage (first revision) 10."
IS 14695:1999,related_product,IS 13592:1992,IS 14695:1999#3,0.85,Title Page IS 13592:1992 UPVC pipes for soil and waste discharge systems for inside and outside buildings including ventilation and rain water system 10.
IS 14695:1999,test_method,IS 13826:1993,IS 14695:1999#2.1,0.98,"5 SUMMARY OF IS 14695 : 1999 GLASS FIBRE BASE COAL TAR PITCH OUTER WRAP Note— For test procedure, refer to IS 13826 : 1993 Methods of test for bitumen based felts: (Part 1) Breaking strength test."
IS 14695:1999,related_product,IS 13983:1994,IS 14695:1999#3,0.85,22 IS 13983:1994 Stainless steel sinks for domestic purposes.
IS 14695:1999,related_product,IS 14333:1996,IS 14695:1999#3,0.85,122 IS 14333:1996 High density polyethylene pipe for sewage 10.
IS 14695:1999,related_product,IS 14399,IS 14695:1999#3,0.85,25 IS 14399 (Part & 2) :1996 Hot press moulded thermosetting glass fibre reinforced poltester resin 10.
IS 14695:1999,related_product,IS 14402:1996,IS 14695:1999#3,0.85,"125 IS 14402:1996 GRP pipes joint and fitting for sewerage, industrial waste and water (other than potable) 10."
IS 14695:1999,related_product,IS 14735:1999,IS 14695:1999#3,0.85,127 IS 14735: 1999 Unplasticised polyvinyl chloride (UPVC) injection moulded fitting for soil and waste discharge system for inside and ou
IS 14695:1999,related_product,IS 14845:2000,IS 14695:1999#3,0.85,227 IS 14845 : 2000 Resilient seated cast iron air relief valves for water works purposes 10.
IS 14695:1999,related_product,IS 14846:2000,IS 14695:1999#3,0.85,229 IS 14846 : 2000 Sluice valves for water works purposes (50 to 1 200 mm size) 10.
IS 14695:1999,related_product,IS 1536:2001,IS 14695:1999#3,0.85,"32 IS 1536 : 2001 Centrufugally cast (spun) iron pressure pipes for water, gas and sewage 10."
IS 14695:1999,related_product,IS 1537:1976,IS 14695:1999#3,0.85,"33 (fourth revision) IS 1537 : 1976 Vertically cast iron pressure pipes for water, gas and sewage (first revision) 10."
IS 14695:1999,related_product,IS 1538:1993,IS 14695:1999#3,0.85,"35 IS 1538 : 1993 Cast iron fitting for pressure pipes for water, gas and sewage (third revision) 10."
IS 14695:1999,normative_reference,IS 1700:1973,IS 14695:1999#3,0.75,10 IS 1700 :1973 Drinking fountains (first revision) 10.
IS 14695:1999,related_product,IS 1701:1960,IS 14695:1999#3,0.85,202 IS 1701: 1960 Mixing valves for ablutionary and domestic purposes 10.
IS 14695:1999,related_product,IS 1703:2000,IS 14695:1999#3,0.85,203 IS 1703 : 2000 Water fittings copper alloy float valves (horizontal plunger type) for water supply fittings (fourth revision) 10.
IS 14695:1999,related_product,IS 1711:1984,IS 14695:1999#3,0.85,204 Title Page IS 1711:1984 Self closing taps for water supply purposes (second revision) 10.
IS 14695:1999,related_product,IS 1726:1991,IS 14695:1999#3,0.85,157 IS 1726 :1991 Cast iron man-hole covers and frames (third revision) 10.
IS 14695:1999,related_product,IS 1729:2002,IS 14695:1999#3,0.85,"36 IS 1729 : 2002 Sand cast iron spigot and socket soil waste and ventilating pipes, fittings and accessories (second revision) 10."
IS 14695:1999,related_product,IS 1795:1982,IS 14695:1999#3,0.85,205 IS 1795 :1982 Pillar taps for water supply purposes (second revision) 10.
IS 14695:1999,related_product,IS 1879:1987,IS 14695:1999#3,0.85,40 IS 1879 : 1987 Malleable cast iron pipe fittings (second revision) 10.
IS 14695:1999,normative_reference,IS 2104:1981,IS 14695:1999#3,0.75,232 IS 2104 : 1981 Water meter boxes domestric types (first revision) 10.
IS 14695:1999,related_product,IS 2326:1987,IS 14695:1999#3,0.85,159 IS 2326 : 1987 Automatic flushing cisterns for urinals other than plastic interms (first revision) 10.
IS 14695:1999,related_product,IS 2373:1981,IS 14695:1999#3,0.85,234 IS 2373 : 1981 Water meters (bulk type) (third revision) 10.
IS 14695:1999,related_product,IS 2501:1995,IS 14695:1999#3,0.85,29 IS 2501 : 1995 Solid drawn copper tubes for general engineering purposes (third revision) 10.
IS 14695:1999,related_product,IS 2548:1996,IS 14695:1999#3,0.85,161 IS 2548 : 1996 Plastic seats and covers for water closets (fifth revision) Part 1: Thermoset seats and covers.
IS 14695:1999,related_product,IS 2556,IS 14695:1999#3,0.85,164 IS 2556 : Vitreous sanitary appliances (vitreous china) Part 1 : 1994 General requirements (third revision) 10.
IS 14695:1999,related_product,IS 2692:1989,IS 14695:1999#3,0.85,206 IS 2692 : 1989 Ferrules for water services (second revision) 10.
IS 14695:1999,related_product,IS 2963:1979,IS 14695:1999#3,0.85,11 IS 2963 :1979 Copper alloy wastage-fittings for wash basins and sinks (first revision) 10.
IS 14695:1999,related_product,IS 3004:1979,IS 14695:1999#3,0.85,207 IS 3004 :1979 Plug cocks for water supply purposes (first revision) 10.
IS 14695:1999,related_product,IS 3006:1979,IS 14695:1999#3,0.85,145 IS 3006 :1979 Chemically resistant glazed stoneware pipes and fittings (first revision) 10.
IS 14695:1999,normative_reference,IS 3076:1985,IS 14695:1999#3,0.75,71 PLASTIC PIPES IS 3076 : 1985 Low density polyethylene pipes for potable water supplies (second revision).
IS 14695:1999,related_product,IS 3311:1979,IS 14695:1999#3,0.85,208 IS 3311:1979 Waste plug and its accessories for sink and wash basins (first revision) 10.
IS 14695:1999,normative_reference,IS 3489:1985,IS 14695:1999#3,0.75,12 IS 3489 :1985 Enamelled steel bath tubs (first revision) 10.
IS 14695:1999,related_product,IS 3589:2001,IS 14695:1999#3,0.85,"136 IS 3589:2001 Seamless or electrically welded steel pipes for water, gas and sewage (168."
IS 14695:1999,related_product,IS 3989:1984,IS 14695:1999#3,0.85,"42 IS 3989 : 1984 Centrifugally cast (spun) iron spigot and socket soil, waste and ventilating pipes, fittings and accessories (second revision) 10."
IS 14695:1999,related_product,IS 404 (Part 1):1993,IS 14695:1999#3,0.85,69 LEAD PIPES IS 404 (Part 1) : 1993 Lead pipes (Part I) for other than chemical purposes (third revision) 10.
IS 14695:1999,related_product,IS 407:1981,IS 14695:1999#3,0.85,PIPES AND FITTINGS EXCLUDING VALVES Brass and Copper IS 407 : 1981 Brass tube for general purposes (third revision) 10.
IS 14695:1999,related_product,IS 4270:2001,IS 14695:1999#3,0.85,138 IS 4270: 2001 Steel tubes used for water wells (thir drevision) 10.
IS 14695:1999,related_product,IS 4346:1982,IS 14695:1999#3,0.85,209 IS 4346 :1982 Washers for use with fittings for water serices (first revision) 10.
IS 14695:1999,related_product,IS 4984:1995,IS 14695:1999#3,0.85,72 IS 4984 : 1995 High density polyethylene pipes for potable water supplies (fourth revision) 10.
IS 14695:1999,related_product,IS 4985:2000,IS 14695:1999#3,0.85,74 IS 4985 : 2000 Unplasticised PVC pipes for potable water supplies (third revision).
IS 14695:1999,normative_reference,IS 5219 (Part 1):1969,IS 14695:1999#3,0.75,13 IS 5219 (Part1) :1969 Cast copper alloy traps Part1 - 'P' and 'S' traps.
IS 14695:1999,related_product,IS 5312,IS 14695:1999#3,0.85,210 IS 5312: Swing check type reflux (non-return) valves Part 1:2004 Single door pattern (second revision) 10.
IS 14695:1999,related_product,IS 5382:1985,IS 14695:1999#3,0.85,"46 IS 5382 : 1985 Rubber sealing rings for gas mains, water mains and sewers (first revision) 10."
IS 14695:1999,related_product,IS 5455:1969,IS 14695:1999#3,0.85,191 IS 5455 : 1969 Cast iron steps for man-holds 10.
IS 14695:1999,related_product,IS 5504:1997,IS 14695:1999#3,0.85,140 IS 5504:1997 Spiral welded pipes.
IS 14695:1999,related_product,IS 5531:1988,IS 14695:1999#3,0.85,"48 IS 5531 :1988 Cast iron specials for asbestos-cement pressure pipes for water, gas and sewage (first revision) 10."
IS 14695:1999,related_product,IS 5961:1970,IS 14695:1999#3,0.85,193 IS 5961 : 1970 Cast-iron gratings for drainage purposes 10.
IS 14695:1999,normative_reference,IS 6163:1978,IS 14695:1999#3,0.75,"50 Title Page IS 6163 : 1978 Centrifugally cast (spun) iron low pressure pipes for water, gas and sewage 10."
IS 14695:1999,related_product,IS 6286:1971,IS 14695:1999#3,0.85,142 IS 6286:1971 Seamless welded steel pipes for sub zero temperature service 10.
IS 14695:1999,related_product,IS 638:1979,IS 14695:1999#3,0.85,235 Note— IS 638 : 1979 Sheet rubber jointing and rubber insertion jointing (second revision)is covered in Section 8 Floor Covering and Finishing.
IS 14695:1999,related_product,IS 6411:1985,IS 14695:1999#3,0.85,16 IS 6411:1985 Gel-Coated glass fibre reinorced polyester resin bath tubs (first revision) 10.
IS 14695:1999,related_product,IS 6418:1971,IS 14695:1999#3,0.85,52 (first revision) IS 6418 : 1971 Cast iron and malleable cast iron flanges for general engineering purpose.
IS 14695:1999,related_product,IS 651:1992,IS 14695:1999#3,0.85,143 STONEWARE IS 651: 1992 Salt glazed stoneware pipes and fittings (fifth revision) 10.
IS 14695:1999,related_product,IS 7181:1986,IS 14695:1999#3,0.85,"54 IS 7181:1986 Horizontally cast iron double flanged pipes for water, gas and sewage 10."
IS 14695:1999,related_product,IS 7231:1994,IS 14695:1999#3,0.85,195 IS 7231 : 1994 Plastic flushing cisterns for water closets and urinals (second revision) 10.
IS 14695:1999,related_product,IS 771,IS 14695:1999#3,0.85,"147 Note— Asbestos, cement and concrete pipes have been covered in Section 1 On cement and concrete SANITARY APPLIANCES IS 771: Glazed fire-clay sanitary appliances Part 1: 1979 General requirements (second revision) 10."
IS 14695:1999,related_product,IS 772:1973,IS 14695:1999#3,0.85,154 IS 772 : 1973 General requirements of enamelled cast iron sanitary appliances (second revision) 10.
IS 14695:1999,normative_reference,IS 773:1988,IS 14695:1999#3,0.75,"155 Title Page IS 773 : 1988 Enamelled cast iron water- closets, railway coaching stock type (fourth revision)."
IS 14695:1999,related_product,IS 774:2004,IS 14695:1999#3,0.85,156 IS 774 : 2004 Flushing cistern for water closets and urinals (other than plastic cistern) ( fifth revision) 10.
IS 14695:1999,normative_reference,IS 775:1970,IS 14695:1999#3,0.75,SECTION 10 SANITARY APPLIANCES AND WATER FITTINGS g CONTENTS Title Page GENERAL IS 775 :1970 Cast iron brackets and supports for wash basins and sink (second revision) 10.
IS 14695:1999,related_product,IS 778:1984,IS 14695:1999#3,0.85,"198 VALVES AND FITTINGS ( INCLUDING FERRULES) IS 778 : 1984 Copper alloy gate, globe and check valves for water works purposes (fourth revision) 10."
IS 14695:1999,related_product,IS 779:1994,IS 14695:1999#3,0.85,231 WATER METERS IS 779 : 1994 Water meters (domestic type) (sixth revision) 10.
IS 14695:1999,related_product,IS 781:1984,IS 14695:1999#3,0.85,200 IS 781:1984 Cast copper alloy screw down bib taps and stop valves for water services (third revision) 10.
IS 14695:1999,related_product,IS 782:1978,IS 14695:1999#3,0.85,8 IS 782 :1978 Caulking lead (third revision) 10.
IS 14695:1999,related_product,IS 7834:1987,IS 14695:1999#3,0.85,76 IS 7834 : 1987 Injection moulded PVC fittings with solvent cement joints for water supplies (first revision) Part I General requirements 10.
IS 14695:1999,related_product,IS 8008:2003,IS 14695:1999#3,0.85,86 IS 8008 : 2003 Injection moulded HDPE fitting for potable water supplies (first revision) Part I General requirements for fittings 10.
IS 14695:1999,related_product,IS 804:1967,IS 14695:1999#3,0.85,9 IS 804 :1967 Rectangular presssed steel tanks (first revision) 10.
IS 14695:1999,related_product,IS 8329:2000,IS 14695:1999#3,0.85,"56 (first revision) IS 8329 : 2000 Centrifugally cast (spun) ductile iron pressure pipes for water, gas and 10."
IS 14695:1999,related_product,IS 8360:1977,IS 14695:1999#3,0.85,93 IS 8360 : 1977 Fabricated high density polyethylene (HDPE) fitting for potable water supplies Part I General requirements 10.
IS 14695:1999,normative_reference,IS 8718:1978,IS 14695:1999#3,0.75,18 IS 8718 :1978 Vitreous enamelled steel kitchen sinks 10.
IS 14695:1999,normative_reference,IS 8727:1978,IS 14695:1999#3,0.75,20 IS 8727:1978 Vitreous enamelled steel wash-basins.
IS 14695:1999,related_product,IS 8794:1988,IS 14695:1999#3,0.85,57 sewage (third revision) IS 8794 : 1988 Cast iron detachable joints for use with asbestos cement pressure pipes 10.
IS 14695:1999,related_product,IS 8931:1993,IS 14695:1999#3,0.85,"213 IS 8931:1993 Copper alloy fancy single taps, combination tap assembly and stop valve for water services (first revision) 10."
IS 14695:1999,related_product,IS 9338:1984,IS 14695:1999#3,0.85,214 IS 9338 :1984 Cast-iron screw-down stop valves and stop check valves for water works purposes (first revision) 10.
IS 14695:1999,related_product,IS 9523:2000,IS 14695:1999#3,0.85,"59 first revision) IS 9523 : 2000 Ductile iron fitting for pressure pipes for water, gas and sewage (first revision) 10."
IS 14695:1999,related_product,IS 9739:1981,IS 14695:1999#3,0.85,216 IS 9739 :1981 Pressure reducing valves for domestic water supply systems 10.
IS 14695:1999,related_product,IS 9758:1981,IS 14695:1999#3,0.85,218 IS 9758 :1981 Flush valves and fittings for water closets and urinals 10.
IS 14695:1999,related_product,IS 9762:1994,IS 14695:1999#3,0.85,219 IS 9762 : 1994 Polyethylene floats (spherical) for float valves (first revision) 10.
IS 14695:1999,related_product,IS 9763:2000,IS 14695:1999#3,0.85,"220 IS 9763 : 2000 Plastic bib taps, pillar taps, angle valves for hot and cold water services (second revision) 10."
IS 14735:1999,test_method,IS 12235:1986,IS 14735:1999#15,0.98,Note - For methods of tests refer to Appendices A to D of the standard and IS 6307 : 1985 Rigid PVC sheets and IS 12235 : 1986 Methods of test for unplasticized PVC pipes for potable water supplies Part 6 Stress relef test: Part 7 resistance to Sulphuric acid.
IS 14735:1999,related_product,IS 13592:1992,IS 14735:1999#1,0.85,oil and waste discharge system for inside and out side building including ventilation and rain water system covered in IS 13592 : 1992*.
IS 14735:1999,related_product,IS 13592:1992,IS 14735:1999#3,0.85,The nominal inside diameter of the fitting shall correspond to the nominal outside diameter of the pipes given in IS 13592 : 1992.
IS 14735:1999,related_product,IS 5382:1985,IS 14735:1999#9,0.85,Sealing Rings - As per IS 5382 : 1985* with IRHD hardness of 50 ± 5.
IS 14735:1999,test_method,IS 6307:1985,IS 14735:1999#15,0.95,Note - For methods of tests refer to Appendices A to D of the standard and IS 6307 : 1985 Rigid PVC sheets and IS 12235 : 1986 Methods of test for unplasticized PVC pipes for potable water supplies Part 6 Stre
IS 14753:1999,test_method,IS 13360,IS 14753:1999#2.18,0.98,"Note - For methods of tests, refer to Appendix A to F of the standard and relevant parts of IS 13360 Plastics Methods of testing."
IS 14753:1999,normative_reference,IS 1554 (Part 1):1988,IS 14753:1999#2.18,0.88,3 1100 volts (third revision) IS 1554 (Part 1) : 1988 PVC insulated (heavy duty) electric cables for working voltages up to 25.
IS 14753:1999,normative_reference,IS 694:1990,IS 14753:1999#2.18,0.88,SECTION 25 CONDUCTORS AND CABLES CONTENTS Title Page IS 694 : 1990 PVC insulated cables for working voltages up to and including 25.
IS 14753:1999,normative_reference,IS 7098 (Part 1):1988,IS 14753:1999#2.18,0.88,6 and including1100 volts (third revision) IS 7098 (Part 1) : 1988 Cross linked polyethylene insulated PVC sheathed cables for 25.
IS 14753:1999,normative_reference,IS 9968 (Part 1):1988,IS 14753:1999#2.18,0.88,8 working voltages up to and including 1100 volts (first revision) IS 9968 (Part 1) : 1988 Elastometer insulated cables for working voltages upto and including 25.
IS 14772:2000,normative_reference,IS 12063,IS 14772:2000#3.5.2,0.75,According to IP given in IS 12063.
IS 14772:2000,installation,IS 875,IS 14772:2000#4.3,0.85,SECTION 27 GENERAL CONTENTS Title Page IS 875 : Code of practice for Design loads (Other than Earthquake)for Buildings and Structures (Part-1): 1987 Dead loads — Uni
IS 14846:2000,test_method,IS 3658,IS 14846:2000#1.0,0.95,a collar no stem shall show any sign of flaw when subjected to liquid penetrant flaw detection test in accordance with IS : 3658.
IS 14856:2000,related_product,IS 11320:1997,IS 14856:2000#2.2,0.85,2 Glass Fibre Rovings - The glass fibre rovings shall be as per IS 11320 : 1997.
IS 14856:2000,related_product,IS 11551:1996,IS 14856:2000#2.1,0.85,1 Glass Fibre Chopped Strand Mat (CSM) - The glass fibre chopped strand mat used shall be as per IS 11551 : 1996*
IS 14856:2000,related_product,IS 13620:1993,IS 14856:2000#7,0.85,16 IS 13620 : 1993 Fusion bonded epoxy coated reinforcing bars 14.
IS 14856:2000,related_product,IS 14268:1995,IS 14856:2000#7,0.85,18 IS 14268 : 1995 Uncoated stress relieved low relaxation seven-ply strand for prestressed concrete 14.
IS 14856:2000,related_product,IS 1566:1982,IS 14856:2000#7,0.85,6 IS 1566 : 1982 Hard - drawn steel wire fabric for concrete reinforcement (second revision) 14.
IS 14856:2000,test_method,IS 1608:1995,IS 14856:2000#7,0.98,"Note 1 - For test procedures, refer to IS 1608 : 1995 Mechanical testing of metals."
IS 14856:2000,test_method,IS 1755:1983,IS 14856:2000#7,0.98,"Tensile testing (second revision), IS 1755 : 1983 Method for wrapping test for metallic wire (first revision)."
IS 14856:2000,related_product,IS 1785,IS 14856:2000#7,0.85,7 IS 1785 Plain hard-drawn steel wire for prestressed concrete (Part 1) : 1983 Cold drawn stress-relieved wire (second revision) 14.
IS 14856:2000,related_product,IS 1786:1985,IS 14856:2000#7,0.85,9 IS 1786 : 1985 High strength defomed steel bars and wire for concrete reinforcement (third revision) 14.
IS 14856:2000,related_product,IS 2090:1983,IS 14856:2000#7,0.85,10 IS 2090 : 1983 High tensile steel bars used in prestressed concrete.
IS 14856:2000,related_product,IS 280:1978,IS 14856:2000#7,0.85,mm 4 0 − + SECTION 14 CONCRETE REINFORCEMENT CONTENTS Title Page IS 280 : 1978 Mild steel wire for general engineering purposes (third revision) 14.
IS 14856:2000,related_product,IS 280:1978,IS 14856:2000#7,0.85,19 SUMMARY OF IS 280 : 1978 MILD STEEL WIRE FOR GENERAL ENGINEERING PURPOSES (Third Revision) 1.
IS 14856:2000,related_product,IS 280:1978,IS 14856:2000#7,0.85,"For detailed information, refer to IS 280 : 1978."
IS 14856:2000,test_method,IS 4020 (Part 10),IS 14856:2000#3.2,0.92,1 of IS 4020 (Part 10).
IS 14856:2000,test_method,IS 4020 (Part 10),IS 14856:2000#3.2,0.92,"1 of IS 4020 (Part 10) For detailed information, refer to IS 14856 : 2000 Specification for glass fibre reinforced plastic (GRP) panel type"
IS 14856:2000,related_product,IS 432,IS 14856:2000#7,0.85,3 IS 432 Mild steel and medium tensile steel bars and hard drawn steel wire for concrete reinforcement (Part 1): 1982 Mild ste
IS 14856:2000,related_product,IS 6003:1983,IS 14856:2000#7,0.85,12 IS 6003 : 1983 Intented wire for pre-stressed concrete (first revision) 14.
IS 14856:2000,related_product,IS 6006:1983,IS 14856:2000#7,0.85,13 IS 6006 : 1983 Uncoated stress relieved strand for prestressed concrete (first revision) 14.
IS 14856:2000,related_product,IS 6746:1994,IS 14856:2000#2.3,0.85,3 Isophthalic Resin - Isophthalic resin shall be as per IS 6746 :1994.
IS 14856:2000,related_product,IS 7887:1992,IS 14856:2000#7,0.85,14 IS 7887 : 1992 Mild steel wire rod for general engineering purposes (first revision) 14.
IS 14871:2000,related_product,IS 459,IS 14871:2000#1.3,0.85,3 This standard does not apply to asbestos cement prifiled sheets which are covered by IS 459.
IS 1489 (Part 1):1991,test_method,IS 1727:1967,IS 1489 (Part 1):1991#5,0.98,"0 iv) Insoluble material, percent by mass, Max Note — For methods of tests, refer to IS 1727:1967 Methods of test for pozzolanic material (first revision), relevant part of IS 4031 Method of physical tests for hydraul"
IS 1489 (Part 1):1991,normative_reference,IS 269:1989,IS 1489 (Part 1):1991#2.2,0.85,2 Portland Cement Clinker/Portland Cement-shall conform to IS 269:1989†.
IS 1489 (Part 1):1991,related_product,IS 3812:1981,IS 1489 (Part 1):1991#2.1.1,0.9,1 Fly ash used in the manufacture of Portland - pozzolana cement shall conform to IS 3812 : 1981*.
IS 1489 (Part 1):1991,test_method,IS 4031,IS 1489 (Part 1):1991#5,0.98,"For methods of tests, refer to IS 1727:1967 Methods of test for pozzolanic material (first revision), relevant part of IS 4031 Method of physical tests for hydraulic cement and IS 4032:1985 Methods of chemical analysis of hydrolic cement (first r"
IS 1489 (Part 1):1991,test_method,IS 4032:1985,IS 1489 (Part 1):1991#5,0.92,"st for pozzolanic material (first revision), relevant part of IS 4031 Method of physical tests for hydraulic cement and IS 4032:1985 Methods of chemical analysis of hydrolic cement (first revision) For detailed information , refer to IS 1489 (Part 1) 1"
IS 1489 (Part 2):1991,related_product,IS 1344:1981,IS 1489 (Part 2):1991#2.1.1,0.95,1 Pozzolana used shall be either calcined clay pozzolana conforming to IS 1344: 1981*.
IS 1489 (Part 2):1991,related_product,IS 1344:1981,IS 1489 (Part 2):1991#2.1.1,0.95,or a mixture of calcined clay pozzolana conforming to IS 1344: 1981 and fly ash conforming to IS 3812 : 1981† .
IS 1489 (Part 2):1991,test_method,IS 1727:1967,IS 1489 (Part 2):1991#2.2,0.98,"2 Portland cement clinker-shall confirm to IS 269:1989‡ Note — For methods of tests, refer to relevant parts of IS 1727:1967 Methods of test of pozzolanic material (first revision), IS 4031— Method of physical tests of hydraulic cement and IS 4"
IS 1489 (Part 2):1991,test_method,IS 269:1989,IS 1489 (Part 2):1991#2.2,0.95,"2 Portland cement clinker-shall confirm to IS 269:1989‡ Note — For methods of tests, refer to relevant parts of IS 1727:1967 Methods of test of pozzolanic material (first re"
IS 1489 (Part 2):1991,related_product,IS 3812:1981,IS 1489 (Part 2):1991#2.1.1,0.9,or a mixture of calcined clay pozzolana conforming to IS 1344: 1981 and fly ash conforming to IS 3812 : 1981† .
IS 1489 (Part 2):1991,test_method,IS 4031,IS 1489 (Part 2):1991#2.2,0.98,"For methods of tests, refer to relevant parts of IS 1727:1967 Methods of test of pozzolanic material (first revision), IS 4031— Method of physical tests of hydraulic cement and IS 4032: 1985 Methods of Chemical analysis of hydraulic cement (firs"
IS 1489 (Part 2):1991,test_method,IS 4032:1985,IS 1489 (Part 2):1991#2.2,0.98,"1967 Methods of test of pozzolanic material (first revision), IS 4031— Method of physical tests of hydraulic cement and IS 4032: 1985 Methods of Chemical analysis of hydraulic cement (first revision) For detailed information, refer to IS 1489(Part 2):1"
IS 14912:2001,related_product,IS 10701:1983,IS 14912:2001#5,0.85,18 IS 10701 : 1983 Structural plywood 12.
IS 14912:2001,normative_reference,IS 12049:1987,IS 14912:2001#5,0.75,CLOSERS - CONCEALED TYPE (HYDRAULICALLY REGULATED) ± SECTION 12 WOOD PRODUCTS SP 21 : 2005 CONTENTS Title Page GENERAL IS 12049 : 1987 Dimensions and tolerances relating to wood based panel materials.
IS 14912:2001,related_product,IS 12406:2003,IS 14912:2001#5,0.85,34 IS 12406 : 2003 Medium density fibre boards for general purposes.
IS 14912:2001,related_product,IS 12823:1990,IS 14912:2001#5,0.85,35 IS 12823 : 1990 Prelaminated particle boards.
IS 14912:2001,related_product,IS 1328:1996,IS 14912:2001#5,0.85,10 IS 1328 : 1996 Veneered decorative plywood (third revision) 12.
IS 14912:2001,related_product,IS 13957:1994,IS 14912:2001#5,0.85,19 IS 13957 : 1994 Metal faced plywood.
IS 14912:2001,related_product,IS 13958:1994,IS 14912:2001#5,0.85,51 BAMBOO AND COIR IS 13958 : 1994 Bamboo mat board for general purposes.
IS 14912:2001,related_product,IS 14276:1995,IS 14912:2001#5,0.85,37 IS 14276 : 1995 Cement bonded particle boards.
IS 14912:2001,normative_reference,IS 14587:1998,IS 14912:2001#5,0.75,39 IS 14587 : 1998 Prelaminated medium density fibre board.
IS 14912:2001,related_product,IS 14588:1999,IS 14912:2001#5,0.85,53 IS 14588 : 1999 Bamboo mat veneer composite for general purposes.
IS 14912:2001,related_product,IS 14616:1999,IS 14912:2001#5,0.85,48 IS: 14616 : 1999 Laminated veneer lumber 12.
IS 14912:2001,related_product,IS 14842:2000,IS 14912:2001#5,0.85,54 IS 14842 : 2000 Coir Veneer board for general purposes 12.
IS 14912:2001,related_product,IS 15476:2004,IS 14912:2001#5,0.85,55 IS 15476 : 2004 Bamboo mat corrugated sheets - Specification 12.
IS 14912:2001,related_product,IS 15491:2004,IS 14912:2001#5,0.85,56 IS 15491 : 2004 Medium density coirboards for general purposes - Specification 12.
IS 14912:2001,related_product,IS 1658:1977,IS 14912:2001#5,0.85,21 PARTICLE BOARDS AND FIBRE BOARDS IS 1658 : 1977 Fibre hardboards (second revision) 12.
IS 14912:2001,related_product,IS 1659:2004,IS 14912:2001#5,0.85,22 IS 1659 : 2004 Block boards (third revision) 12.
IS 14912:2001,related_product,IS 303:1989,IS 14912:2001#5,0.85,9 PLYWOOD IS 303 : 1989 Plywood for general purposes (third revision) 12.
IS 14912:2001,related_product,IS 3087:1985,IS 14912:2001#5,0.85,23 IS 3087 : 1985 Wood particle boards (medium density) for general purposes (first revision) 12.
IS 14912:2001,related_product,IS 3097:1980,IS 14912:2001#5,0.85,25 IS 3097 : 1980 Veneered particle boards (first revision) 12.
IS 14912:2001,related_product,IS 3129:1985,IS 14912:2001#5,0.85,28 IS 3129 : 1985 Low density particle boards (first revision) 12.
IS 14912:2001,related_product,IS 3308:1981,IS 14912:2001#5,0.85,30 IS 3308 : 1981 Wood wool building slabs (first revision) 12.
IS 14912:2001,related_product,IS 3348:1965,IS 14912:2001#5,0.85,32 IS 3348 : 1965 Fibre insulation boards 12.
IS 14912:2001,related_product,IS 3478:1966,IS 14912:2001#5,0.85,33 IS 3478 : 1966 High density wood particle boards 12.
IS 14912:2001,test_method,IS 3513:1989,IS 14912:2001#5,0.92,40 Title Page WOOD BASED LAMINATES IS 3513 : 1989 Resin treated compressed wood laminates.
IS 14912:2001,related_product,IS 3564:1995,IS 14912:2001#1,0.85,This standard does not cover overhead type door closers covered in IS 3564 : 1995* or pneumatic type door closers or closers working on only mechanical device.
IS 14912:2001,related_product,IS 4990:1993,IS 14912:2001#5,0.85,12 IS 4990 : 1993 Plywood for concrete shuttering work (second revision) 12.
IS 14912:2001,related_product,IS 5509:2000,IS 14912:2001#5,0.85,13 IS 5509 : 2000 Fire retardant plywood (second revision) 12.
IS 14912:2001,related_product,IS 5539:1969,IS 14912:2001#5,0.85,15 IS 5539 - 1969 Preservative Treated Plywood 12.
IS 14912:2001,related_product,IS 7316:1974,IS 14912:2001#5,0.85,16 IS 7316 : 1974 Decorative plywood using plurality of veneers for decorative faces 12.
IS 14912:2001,normative_reference,IS 849:1994,IS 14912:2001#5,0.75,4 ADHESIVES IS 849 : 1994 Cold setting casein glue for wood (first revision) 12.
IS 14912:2001,related_product,IS 851:1978,IS 14912:2001#5,0.85,6 IS 851 : 1978 Synthetic resin adhesives for construction work (non-structural) in wood 12.
IS 14912:2001,related_product,IS 852:1994,IS 14912:2001#5,0.85,7 (first revision) IS 852 : 1994 Animal glue for general wood-working purposes (second revision) 12.
IS 1536:2001,test_method,IS 1500:1983,IS 1536:2001#7.1,0.98,Note— For methods of test refer to the standard and IS 1500 : 1983 Method for Brinell hardness test for smetallic materials (second revision).
IS 15380:2003,normative_reference,IS 848,IS 15380:2003#4.3,0.85,ed for bonding the face skins and core shall be phenol formaldehyde synthetic resin adhesive conforming to BWP grade of IS 848.
IS 1542:1992,test_method,IS 1727:1967,IS 1542:1992#3.4,0.98,"Note — For methods of tests, refer to IS 1727 : 1967 Methods of test pozzolanic materials (first revision)."
IS 1542:1992,installation,IS 2250:1981,IS 1542:1992#3.4,0.85,IS 2250 : 1981 Code of practice for preparation and use of masonry mortars (first revision).
IS 1542:1992,test_method,IS 2386,IS 1542:1992#2.3,0.92,*IS 2386 Methods of test for aggregates for concrete Part 2- Estimation of deleterious materials and organic impurities.
IS 1542:1992,test_method,IS 2386 (Part 2):1963,IS 1542:1992#2.2.2,0.92,2of IS 2386 (Part 2) : 1963*
IS 1554 (Part 1):1988,test_method,IS 10810,IS 1554 (Part 1):1988#4.1,0.98,"Note - For method of tests, refer to the relevent parts of IS 10810."
IS 1554 (Part 1):1988,normative_reference,IS 8130:1984,IS 1554 (Part 1):1988#2.1.1,0.85,1 Conductor - Shall be composed of plain copper or aluminium wires complying with IS 8130 : 1984*.
IS 1566:1982,test_method,IS 1716:1985,IS 1566:1982#7.2,0.98,"2 - For test procedures, refer to IS1 608 : 1995 Mechanical testing of metals-Tensile testing (second revision), IS 1716 : 1985 Method for reverse bend test for metallic wire (second revision) and 11 of the standard."
IS 1566:1982,related_product,IS 432 (Part 2):1982,IS 1566:1982#7.1,0.85,1 Shall meet the minimum requirements for physical properties as prescribed in IS 432 (Part 2) :1982*.
IS 1566:1982,related_product,IS 432 (Part 2):1982,IS 1566:1982#7.2,0.85,5 mm Equal to twice the diameter of specimen * IS 432 (Part 2) : 1982 Mild steel and medium tensile steel bars and hard drawn steel wire for concrete reinforcement : Part 2 Hard-drawn s
IS 1592:2003,related_product,IS 1626,IS 1592:2003#1,0.85,"Note - Asbestos cement building pipes and pipe fittings, gutters and gutter fittings and roofing fittings are covered by IS 1626."
IS 1592:2003,test_method,IS 5913:2003,IS 1592:2003#4,0.98,"Note — For methods of tests, refer to standard and IS 5913:2003 Methods of tests for asbestos cement products (second revision)."
IS 1592:2003,related_product,IS 6908,IS 1592:2003#1,0.85,Asbestos cement pipes and fittings for sewerage and drainage are covered by IS 6908 'Specification for asbestos cement pipes and fittings for swerage and drainage (first revision).
IS 1626 (Part 1):1994,test_method,IS 5913:1989,IS 1626 (Part 1):1994#4.2.5,0.98,"Note— For methods of tests, refer to IS 5913:1989 Method of tests for asbestos cement products (first revision) For detailed information refer to IS 1626 (Part 1):1984 S"
IS 1626 (Part 2):1994,test_method,IS 5913:1989,IS 1626 (Part 2):1994#3,0.98,"R FITTINGS AND ROOF FITTINGS PART 2 GUTTERS AND GUTTER FITTINGS (Second Revision) Note — For methods of tests, refer to IS 5913:1989 Methods of tests for asbestos cement products (first revision)."
IS 1659:2004,test_method,IS 1734 (Part 11):1983,IS 1659:2004#5.5,0.92,"Average 5 000 4 000 Minimum individual 4 200 3 400 Note — For test prosedures see Appendices D to K of the standard and IS 1734 (Part 11): 1983 Methods of test for plywood, Part 11 Determination of static bending strength (second revision) For detailed informat"
IS 1659:2004,normative_reference,IS 848,IS 1659:2004#3.2,0.85,2 Adhesives - The adhesives used for bonding purposes shall be the BWP type conforming to IS 848 for BWP Grade block boards.
IS 1659:2004,normative_reference,IS 848,IS 1659:2004#3.2,0.85,"For MR Grade block board, the adhesives shall be MR type conforming to IS 848."
IS 1703:2000,normative_reference,IS 9762:1994,IS 1703:2000#5.3,0.85,3 Floats shall conform to IS 9762 : 1994+
IS 1726:1991,related_product,IS 210:1993,IS 1726:1991#2.1,0.85,"For detailed information, refer to IS 1726 : 1991 specification for cast iron manhole covers and frames (third revision) IS 210 : 1993 Grey iron castings (fourth revision)."
IS 1730:1989,related_product,IS 1852:1985,IS 1730:1989#7,0.85,"Tolerances - The rolling and cutting tolerances and masss tolerances for steel plates, sheet strips and , flats shall be as laid down in IS 1852 : 1985."
IS 1785 (Part 2):1983,test_method,IS 1608:1995,IS 1785 (Part 2):1983#4.2,0.98,"show an ovality of not more than half of the total diameter Note - For test procedures refer to 7 of the standard, and IS 1608 : 1995 Mechanical testing of metals - Tensile testing (second revision)."
IS 1786:1985,test_method,IS 1599:1985,IS 1786:1985#5.2,0.98,"ures, refer to 8 of the standard, IS : 1608 : 1995 Mechanical testing of metals - Tensile testing (second revision) and IS 1599 : 1985 Method for bend test (second revision)."
IS 1786:1985,test_method,IS 1608:1995,IS 1786:1985#5.2,0.98,"0 N/mm2 Note — For test proceedures, refer to 8 of the standard, IS : 1608 : 1995 Mechanical testing of metals - Tensile testing (second revision) and IS 1599 : 1985 Method for bend test (second revision)."
IS 1823:1980,related_product,IS 1837:1966,IS 1823:1980#6,0.85,} SUMARRY OF IS 1837 : 1966 FAN LIGHT PIVOTS (First Revision) 1.
IS 1823:1980,related_product,IS 1837:1966,IS 1823:1980#6,0.85,"For detailed information, refer to IS 1837 : 1966 Specification for fan light pivots (first revision)."
IS 1834:1984,test_method,IS 10566:1983,IS 1834:1984#4,0.98,"ix) Penetration of recovered bitumen Shall be between 25 to 100 at 250C Note — For methods of tests, refer to IS 10566 : 1983 Methods of test for preformed fillers for expansion joints in concrete paving and structural construction."
IS 1834:1984,related_product,IS 1838 (Part 1):1983,IS 1834:1984#4,0.85,"For detailed information, refer to IS 1838(Part 1) :1983 Specification for preformed fillers for expansion Joint in concrete pavement and structures (non extruding and resilie"
IS 1834:1984,related_product,IS 1838 (Part 1):1983,IS 1834:1984#4,0.85,IS 1838 (PART 1) : 1983 PREFORMED FILLERS FOR EXPANSION JOINT IN CONCRETE PAVEMENT AND STRUCTURES (NON- EXTRUDING AND RESILIENT TYPE) PART
IS 1838 (Part 2):1984,test_method,IS 10566:1983,IS 1838 (Part 2):1984#4,0.98,"Note— For methods of tests, refer to IS 10566 : 1983 Methods of test for preformed fillers for expansion joints in concrete paving and structural construction."
IS 1863:1979,related_product,IS 2062:1992,IS 1863:1979#2,0.9,Material - The bulb flats may be manufactured from steel conforing to IS 2062 : 1992.
IS 1863:1979,related_product,IS 3039:1988,IS 1863:1979#2,0.9,IS 3039 : 1988 or IS 8500 : 1991‡ as appropriate.
IS 1863:1979,normative_reference,IS 8500:1991,IS 1863:1979#2,0.75,IS 3039 : 1988 or IS 8500 : 1991‡ as appropriate.
IS 1879:1987,normative_reference,IS 14329:1995,IS 1879:1987#3.1,0.85,1 Shall conform to— IS 14329:1995+
IS 1879:1987,normative_reference,IS 554:1985,IS 1879:1987#1.1,0.85,1 Requirements for following types of malleablecast iron pipe fittings threaded in accordance with IS 554:1985 for general purposes for the transmission of fluid and gas upto the limit of pressure and temperature specified in 1.
IS 190:1991,installation,IS 1141:1993,IS 190:1991#8,0.85,"at least 25 mm more than the length of longest split, shall be adequately coated with any of the materials mentioned in IS 1141 : 1993* *Seasoning timber — Code of Practice."
IS 190:1991,test_method,IS 3364 (Part 2):1976,IS 190:1991#8,0.92,"Note — For methods of measurement of defects in timber, refer to IS 3364 (Part 2): 1976 Methods of measurement and evaluation of defects in timber: (Part 2) Converted timber (first revision)."
IS 1929:1982,test_method,IS 10102:1982,IS 1929:1982#5,0.95,"for supply of rivets and their workmanship, limits of surface cracks on rivets, tolerances, methods of tests, refer to IS 10102 : 1982 Technical supply conditions for rivets."
IS 1977:1996,test_method,IS 1599:1985,IS 1977:1996#8,0.92,"Note — For test proceedures, refer to IS 1599 : 1985 Method of bend test (second revision) and IS 1608 : 1995 Mechanical testing of metals-tensile testing (second revision)"
IS 1977:1996,test_method,IS 1608:1995,IS 1977:1996#8,0.98,"Note — For test proceedures, refer to IS 1599 : 1985 Method of bend test (second revision) and IS 1608 : 1995 Mechanical testing of metals-tensile testing (second revision) For detailed information, refer to IS 1977: 1996 low t"
IS 1977:1996,related_product,IS 1852:1985,IS 1977:1996#8,0.95,Tolerances - Rolling and cutting tolerances for steel products conforming to this standard shall be those specified in IS 1852 : 1985 ++.
IS 1977:1996,installation,IS 9595:1996,IS 1977:1996#1.2,0.85,"2 When welding is employed for fabrication and guranteed weldability is required, welding procedure should be as specified in IS 9595 : 1996."
IS 2002:1979,related_product,IS 1729:2002,IS 2002:1979#6,0.85,"4 Short Connection Pipe Nominal Size Length 100 150, 225, 450, 600 For detailed information refer to IS 1729:2002."
IS 2016:1967,normative_reference,IS 5369:1975,IS 2016:1967#11,0.75,"lism and flatness for machined and punched washers, refer to precision and ordinarywashers respectively as specified in IS 5369 : 1975*."
IS 2036:1995,test_method,IS 13411:1992,IS 2036:1995#5.4,0.95,"to K of the standard, IS 1998 : 1962, Methods of test for thermosetting synthetic resin bonded laminated sheets, and, IS 13411 : 1992 Glass reinforced polyster dough moulding compound (DMC)."
IS 2036:1995,test_method,IS 1998:1962,IS 2036:1995#5.4,0.98,"Note - For methods of tests, refer to Appendices A to K of the standard, IS 1998 : 1962, Methods of test for thermosetting synthetic resin bonded laminated sheets, and, IS 13411 : 1992 Glass reinforced poly"
IS 204 (Part 1):1991,same_family_part,IS 204 (Part 2):1992,IS 204 (Part 1):1991#5,0.95,SUMMARY OF IS 204 (PART 2) : 1992 TOWER BOLTS PART 2 NON FERROUS METALS (Fifth Revison) 1.
IS 204 (Part 1):1991,same_family_part,IS 204 (Part 2):1992,IS 204 (Part 1):1991#9,0.95,"For detailed information, refer to IS 204 (Part 2) : 1992 Specification for tower bolts Part 2 :Non ferrous metals (fifth revision)."
IS 2062:1999,normative_reference,IS 10842,IS 2062:1999#4.4,0.85,4 Groove Crackability Test - Y-Groove crackability test may be carried out in accordance with IS 10842 for products of only Grade C material having thickness above 12 mm and above if specially agreed to between the purchas
IS 2062:1999,test_method,IS 1608:1995,IS 2062:1999#4.3,0.92,Method of end test (second revision) and IS 1608 : 1995 Mechanical testing of metals.
IS 2062:1999,test_method,IS 599:1985,IS 2062:1999#4.3,0.95,"Rolling and cutting tolerances for hot rolled- steel products (fourth revision) Note 1 - For test procedures, refer IS 599 : 1985."
IS 2062:1999,installation,IS 9595:1996,IS 2062:1999#1.2,0.85,"2 Where welding is employed for fabriction and guaranteed-weldability is required, welding procedure should be as specified in IS 9595 : 1996 `Metal are welding of carbon and carbon manganese steels - Recommendations (first Revision):."
IS 2086:1993,normative_reference,IS 9926:1981,IS 2086:1993#2.4,0.85,"4 Fuse-Wire - The fuse-wire, specified by the manufacturer for use with the fuse-carrier, shall conform to the requirements in IS 9926 : 1981*."
IS 2090:1983,test_method,IS 1608:1995,IS 2090:1983#5,0.92,"Note—For test proceedures, refer to 7 of the standard and IS 1608 : 1995 Mechanical testing of metals - Tensile testing (second revision)."
IS 2095 (Part 1):1996,related_product,IS 12679:1987,IS 2095 (Part 1):1996#3,0.9,By product gypsum conforming to IS 12679:1987+ shall be used for the preparation of plaster.
IS 2095 (Part 1):1996,test_method,IS 2542 (Part 2/Sec 1 to 8):1981,IS 2095 (Part 1):1996#5.3,0.98,"5 165 235 Note — For methods of tests, refer to IS 2542 (Part 2/Sec 1 to 8) : 1981 Methods of test for gypsum plaster, concrete and product: PART 2 Gypsum products (first revision)."
IS 2095 (Part 1):1996,related_product,IS 2547 (Part 1):1976,IS 2095 (Part 1):1996#3,0.9,Material — Gypsum plaster shall conform to IS 2547 (Part 1) : 1976*.
IS 2095 (Part 3):1996,test_method,IS 2380,IS 2095 (Part 3):1996#6.4,0.98,"Note — For methods of tests, refer to Appendices A and B on the standard, relevant parts of IS 2380 Methods of test for wood particle boards and boards from other lignocellulosic matarials, IS 2542 (Part 2): Methods of"
IS 2095 (Part 3):1996,test_method,IS 2380 (Part 17),IS 2095 (Part 3):1996#6.8,0.92,8 Swelling— Fro GRG when tested as per IS 2380 (Part 17) the value shall not exceed 0.
IS 2095 (Part 3):1996,test_method,IS 2542,IS 2095 (Part 3):1996#6.2,0.92,2 Thickness — To be measured as per IS 2542.
IS 2095 (Part 3):1996,test_method,IS 2542 (Part 1),IS 2095 (Part 3):1996#6.9,0.92,9 Fibre content — Shall be determined as per IS 2542 (Part 1)
IS 2095 (Part 3):1996,test_method,IS 2542 (Part 2),IS 2095 (Part 3):1996#6.4,0.98,"rd, relevant parts of IS 2380 Methods of test for wood particle boards and boards from other lignocellulosic matarials, IS 2542 (Part 2): Methods of tests for gupsum plaster, concrete and products: Part 2 gypsum products."
IS 2096:1992,related_product,IS 13000:1990,IS 2096:1992#1,0.85,These sheets are different from autoclaved silica asbestos cement flat sheets which are covered in IS 13000:1990.
IS 2096:1992,test_method,IS 5913:1989,IS 2096:1992#4.2,0.98,"6 Note— For methods of tests, refer to IS 5913:1989 Methods of test for asbestos cement products (first revision)."
IS 2098:1997,test_method,IS 5913:1989,IS 2098:1997#5,0.98,"Note — For methods of tests, refer to IS 5913:1989 Methods of tests for asebstos cement products (first revision)."
IS 2104:1981,normative_reference,IS 779:1994,IS 2104:1981#1,0.85,"Scope - Requirements for materials, dimensions and construction of boxes for water meters of nominal size conforming to IS 779 - 1994*."
IS 2116:1980,test_method,IS 2386,IS 2116:1980#3.3,0.98,"Note: For methods of test, refer to IS 2386 Methods of tests for aggregates for concrete Part 1 : 1963 Particle size and shape * Part 2 : 1963 Estimation of delete"
IS 2116:1980,test_method,IS 2386 (Part 2):1963,IS 2116:1980#2.2.2,0.92,nt by mass b) Organic impurities— Colour of the liquid shall be lighter than that indicated by the specified in IS: 2386 (Part 2) : 1963*
IS 212:1983,test_method,IS 1202:1978,IS 212:1983#5,0.98,5 25 Note — For methods of tests refer to IS 1202 : 1978 Methods of testing tar and bituminous materials: Determination of specific gravity (first revision) IS 1206 (Part 3)
IS 212:1983,test_method,IS 1206 (Part 3):1978,IS 212:1983#5,0.98,to IS 1202 : 1978 Methods of testing tar and bituminous materials: Determination of specific gravity (first revision) IS 1206 (Part 3):1978 Determination of viscosity Part 3 Kinematic viscosity (first revision) IS 1211 : 1978 Determination of water content (
IS 212:1983,test_method,IS 1211:1978,IS 212:1983#5,0.92,gravity (first revision) IS 1206 (Part 3):1978 Determination of viscosity Part 3 Kinematic viscosity (first revision) IS 1211 : 1978 Determination of water content (Dean and Stark method) (first revision).
IS 212:1983,test_method,IS 1213:1978,IS 212:1983#5,0.92,IS 1213 : 1978 Distillation test (first revision).
IS 212:1983,normative_reference,IS 1214:1978,IS 212:1983#5,0.75,IS 1214 : 1978 Determination matter insoluble in benzene (first revision) IS 1217 :1978 Determination of mineral matter (ASH) (first
IS 212:1983,test_method,IS 1217:1978,IS 212:1983#5,0.92,"IS 1214 : 1978 Determination matter insoluble in benzene (first revision) IS 1217 :1978 Determination of mineral matter (ASH) (first revision) For detailed information, refer to IS 212:1983 Specification f"
IS 2140:1978,related_product,IS 280:1978,IS 2140:1978#3.1,0.95,1 Shall be manufactured from galvanized mild steel wire conforming to IS 280 : 1978*.
IS 2155:1982,test_method,IS 10102:1982,IS 2155:1982#5,0.95,"for supply of rivets and their workmanship, limits of surface cracks on rivets, tolerances, Methods of tests, refer to IS 10102 : 1982 technical supply conditions for rivets."
IS 215:1995,test_method,IS 1202:1978,IS 215:1995#3.1,0.98,"0 by weight, Max xi) Matter insoluble in toluene, 22 22 24 24 24 percent by weight, Max s Note — For methods of tests, refer to IS 1202 : 1978 Methods of testing tar and bituminous material : Determination of specific gravity (first revision)."
IS 215:1995,test_method,IS 1205:1978,IS 215:1995#3.1,0.92,IS 1205 : 1978 Determination of Softening point (first revision).
IS 215:1995,test_method,IS 1206 (Part 1):1978,IS 215:1995#3.1,0.92,IS 1206(Part 1) : 1978 Determination of viscosity: Part 1 Industrial viscosity (first revision).
IS 215:1995,test_method,IS 1207:1978,IS 215:1995#3.1,0.92,IS 1207 : 1978 Determination of equiriscous temperature (EVT) (first revision).
IS 215:1995,test_method,IS 1211:1978,IS 215:1995#3.1,0.92,IS 1211: 1978 Determination of water content (Deam and Stark method) (first revision).
IS 215:1995,test_method,IS 1215:1978,IS 215:1995#3.1,0.92,IS 1215 : 1978 Determination of matter insoluble in toluene (first revision).
IS 215:1995,test_method,IS 1218:1978,IS 215:1995#3.1,0.92,IS 1218 : 1978 Determination of phenols (first revision).
IS 215:1995,test_method,IS 1219:1978,IS 215:1995#3.1,0.92,IS 1219 : 1978 Determination of naphthalene (first revision).
IS 216:1961,test_method,IS 1202:1978,IS 216:1961#3.2,0.98,"Note — For methods of tests, refer to IS 1202:1978 methods of testing tar bituminous material: Determination of specific gravity (first revision) IS 1205:1978 Determinati"
IS 216:1961,test_method,IS 1205:1978,IS 216:1961#3.2,0.98,"s, refer to IS 1202:1978 methods of testing tar bituminous material: Determination of specific gravity (first revision) IS 1205:1978 Determination of softening point (first revision)."
IS 216:1961,test_method,IS 1213:1978,IS 216:1961#3.2,0.92,IS 1213:1978 Distillation test (first revision).
IS 216:1961,test_method,IS 1215:1978,IS 216:1961#3.2,0.92,IS 1215:1978 Determination of matter insoluble in toulene (first revision).
IS 216:1961,test_method,IS 1217:1978,IS 216:1961#3.2,0.92,IS 1217:1978 Determination of mineral matter (first revision).
IS 2180:1988,test_method,IS 3495:1992,IS 2180:1988#3,0.92,"Note — Methods for tests, refer to the standard and relevant parts of IS 3495:1992 Method of test for burnt clay building bricks (third revision)."
IS 218:1983,test_method,IS 1202:1978,IS 218:1983#4.2.2,0.98,"Note — for methods of tests, refer to IS 1202:1978 Methods of testing tar and bituminous materials, determination of specific gravity (first revision)."
IS 218:1983,test_method,IS 1211:1978,IS 218:1983#4.2.2,0.92,IS 1211:1978 Determination of water content (Dean and Stark method) (first revision).
IS 218:1983,test_method,IS 1213:1978,IS 218:1983#4.2.2,0.92,IS 1213:1978 Distallation test (first revision).
IS 218:1983,test_method,IS 1215:1978,IS 218:1983#4.2.2,0.92,IS 1215:1978 Determination of matter insoluble in toulene (first revision).
IS 2191 (Part 2):1983,same_family_part,IS 2191 (Part 1):1983,IS 2191 (Part 2):1983#3,0.95,Sizes and Tolerance - Shall be as given in IS 2191 (Part 1) : 1983.
IS 2191 (Part 2):1983,same_family_part,IS 2191 (Part 1):1983,IS 2191 (Part 2):1983#4.1,0.95,1 Timber - As specified in IS 2191(Part 1) : 1983 Note : For details of materials see 4 of the standard.
IS 2191 (Part 2):1983,same_family_part,IS 2191 (Part 1):1983,IS 2191 (Part 2):1983#7,0.95,Tests —As per 9 of IS 2191 (Part 1) :1983.
IS 2202 (Part 1):1999,same_family_part,IS 2202:1999,IS 2202 (Part 1):1999#7,0.95,"For detailed information, refer to IS 2202 : 1999 Specification for wooden flush door shutters (solid core type) Part 1 Plywood face panels (sixth revision)."
IS 2202 (Part 1):1999,test_method,IS 4020 (Part 1 to 16):1998,IS 2202 (Part 1):1999#7,0.98,"Note — For methods of test, refer to IS 4020 (Part 1 to 16) : 1998 Door shutters - methods of test."
IS 2202 (Part 2):1983,same_family_part,IS 2202 (Part 1):1999,IS 2202 (Part 2):1983#4.1,0.95,1 Timber - As per IS 2202 (Part 1) : 1999.
IS 2222:1991,test_method,IS 3495:1992,IS 2222:1991#6.4,0.98,"Note — For the method of tests, refer to relevant parts of IS 3495:1992 Methods of test of burnt clay building bricks (third revision)."
IS 2314:1986,related_product,IS 2062:1992,IS 2314:1986#2,0.9,Material - Piling sections shall be made from steel of any one grade conforming to IS 2062 : 1992* or IS 8500 : 1991† .
IS 2314:1986,normative_reference,IS 8500:1991,IS 2314:1986#2,0.85,Material - Piling sections shall be made from steel of any one grade conforming to IS 2062 : 1992* or IS 8500 : 1991† .
IS 2365:1977,normative_reference,IS 6594:1977,IS 2365:1977#3,0.85,General Requirements - The wire ropes shall conform to IS 6594 : 1977* and also meet the following requirements of 3.
IS 2373:1981,normative_reference,IS 10019:1981,IS 2373:1981#5,0.88,42 IS 10019 : 1981 Mild steel stays and fasteners.
IS 2373:1981,normative_reference,IS 10090:1982,IS 2373:1981#5,0.88,43 IS 10090 : 1982 Numericals 11.
IS 2373:1981,normative_reference,IS 1019:1974,IS 2373:1981#5,0.88,14 IS 1019 : 1974 Rim latches (second revision) 11.
IS 2373:1981,normative_reference,IS 10342:1982,IS 2373:1981#5,0.88,44 IS 10342 : 1982 Curtain rail system 11.
IS 2373:1981,normative_reference,IS 12817:1997,IS 2373:1981#5,0.88,45 IS 12817 : 1997 Stainless steel butt hinges (first revision) 11.
IS 2373:1981,normative_reference,IS 12867:1989,IS 2373:1981#5,0.88,46 IS 12867 : 1989 PVC hand rail covers 11.
IS 2373:1981,normative_reference,IS 1341:1992,IS 2373:1981#5,0.88,15 IS 1341 : 1992 Steel butt hinges (sixth revision) 11.
IS 2373:1981,normative_reference,IS 14912:2001,IS 2373:1981#5,0.88,"47 IS 14912 : 2001 Door closers, concealed type (hydraulically operated) 11."
IS 2373:1981,normative_reference,IS 1823:1980,IS 2373:1981#5,0.88,16 IS 1823 : 1980 Floor door stoppers (third revision) 11.
IS 2373:1981,normative_reference,IS 1837:1966,IS 2373:1981#5,0.88,17 IS 1837 : 1966 Fan light pivots (first revision) 11.
IS 2373:1981,normative_reference,IS 204 (Part 1):1991,IS 2373:1981#5,0.88,SECTION 11 BUILDERS HARDWARE CONTENTS Title Page IS 204 (Part 1) : 1991 Tower bolts : Part 1 Ferrous metal (fifth revision) 11.
IS 2373:1981,normative_reference,IS 204 (Part 2):1992,IS 2373:1981#5,0.88,4 IS 204 (Part 2) : 1992 Tower bolts : Part 2 Non - Ferrous metals (fifth revision) 11.
IS 2373:1981,normative_reference,IS 205:1992,IS 2373:1981#5,0.88,5 IS 205 : 1992 Non-ferrous metal butt hinges (fourth revision) 11.
IS 2373:1981,normative_reference,IS 206:1992,IS 2373:1981#5,0.88,6 IS 206 : 1992 Tee and strap hinges (fourth revision) 11.
IS 2373:1981,normative_reference,IS 208:1996,IS 2373:1981#5,0.88,7 IS 208 : 1996 Door handles (first revision) 11.
IS 2373:1981,normative_reference,IS 2209:1976,IS 2373:1981#5,0.88,18 IS 2209 : 1976 Mortice locks (vertical type) (third revision) 11.
IS 2373:1981,normative_reference,IS 2681:1993,IS 2373:1981#5,0.88,19 IS: 2681 : 1993 Non-ferrous metal sliding door bolts (aldrops) for use with pad locks (third revision) 11.
IS 2373:1981,normative_reference,IS 281:1991,IS 2373:1981#5,0.88,8 IS 281 : 1991 Mild steel sliding door bolts for use with padlocks (third revision) 11.
IS 2373:1981,normative_reference,IS 3564:1995,IS 2373:1981#5,0.88,20 IS 3564 : 1995 Hydraulically regulated door closers (fourth revision) 11.
IS 2373:1981,normative_reference,IS 362:1991,IS 2373:1981#5,0.88,9 IS 362 : 1991 Parliament hinges (fifth revision) 11.
IS 2373:1981,normative_reference,IS 363:1993,IS 2373:1981#5,0.88,10 IS 363 : 1993 Hasps and staples (fourth revision) 11.
IS 2373:1981,normative_reference,IS 364:1993,IS 2373:1981#5,0.88,11 IS 364 : 1993 Fan light catch (third revision) 11.
IS 2373:1981,normative_reference,IS 3818:1992,IS 2373:1981#5,0.88,21 IS 3818 : 1992 Continuous (piano) hinges (third revision) 11.
IS 2373:1981,normative_reference,IS 3828:1966,IS 2373:1981#5,0.88,22 IS 3828 : 1966 Ventilator chains 11.
IS 2373:1981,normative_reference,IS 3843:1995,IS 2373:1981#5,0.88,23 IS 3843 : 1995 Steel back flap hinges (Second revision) 11.
IS 2373:1981,normative_reference,IS 3847:1992,IS 2373:1981#5,0.88,24 IS 3847 : 1992 Mortice night latches (first revision) 11.
IS 2373:1981,normative_reference,IS 452:1973,IS 2373:1981#5,0.88,"12 IS 452 : 1973 Door springs, Rat-tail type (second revision) 11."
IS 2373:1981,normative_reference,IS 453:1993,IS 2373:1981#5,0.88,13 IS 453 : 1993 Double acting spring hinges (third revision) 11.
IS 2373:1981,normative_reference,IS 4621:1975,IS 2373:1981#5,0.88,25 IS 4621 : 1975 Indicating bolts for use in public baths and lavatories (first revision) 11.
IS 2373:1981,normative_reference,IS 4948:2002,IS 2373:1981#5,0.88,26 IS 4948 : 2002 Welded steel wire fabric for general use (first revision) 11.
IS 2373:1981,normative_reference,IS 4992:1975,IS 2373:1981#5,0.88,27 IS 4992 : 1975 Door handles for mortice locks (vertical type) (first revision) 11.
IS 2373:1981,normative_reference,IS 5187:1972,IS 2373:1981#5,0.88,28 IS 5187 : 1972 Flush bolts (first revision) 11.
IS 2373:1981,normative_reference,IS 5899:1970,IS 2373:1981#5,0.88,29 IS 5899 : 1970 Bathroom latches 11.
IS 2373:1981,normative_reference,IS 5930:1970,IS 2373:1981#5,0.88,30 IS 5930 : 1970 Mortice latch (vertical type) 11.
IS 2373:1981,normative_reference,IS 6315:1992,IS 2373:1981#5,0.88,31 IS 6315 : 1992 Floor springs (hydraulically regulated) for heavy doors (second revision) 11.
IS 2373:1981,normative_reference,IS 6318:1971,IS 2373:1981#5,0.88,32 IS 6318 : 1971 Plastic window stays and fasteners.
IS 2373:1981,normative_reference,IS 6343:1982,IS 2373:1981#5,0.88,33 Title Page IS 6343 : 1982 Door closers (pneumatically regulated) for light doors weighing up to 40 kg (first revision) 11.
IS 2373:1981,normative_reference,IS 6607:1972,IS 2373:1981#5,0.88,34 IS 6607 : 1972 Rebated mortice locks (vertical type) 11.
IS 2373:1981,normative_reference,IS 7196:1974,IS 2373:1981#5,0.88,35 IS 7196 : 1974 Hold fast 11.
IS 2373:1981,normative_reference,IS 7197:1974,IS 2373:1981#5,0.88,36 IS 7197 : 1974 Double action floor springs (without oil check) for heavy doors 11.
IS 2373:1981,normative_reference,IS 7534:1985,IS 2373:1981#5,0.88,37 IS 7534 : 1985 Sliding locking bolts for use with padlocks (first revision) 11.
IS 2373:1981,normative_reference,IS 7540:1974,IS 2373:1981#5,0.88,38 IS 7540 : 1974 Mortice dead locks 11.
IS 2373:1981,normative_reference,IS 8760:1978,IS 2373:1981#5,0.88,"39 IS 8760 : 1978 Mortice sliding door locks, with lever mechanism 11."
IS 2373:1981,normative_reference,IS 9106:1979,IS 2373:1981#5,0.88,40 IS 9106 : 1979 Rising butt hinges 11.
IS 2373:1981,normative_reference,IS 9131:1979,IS 2373:1981#5,0.88,41 IS 9131 : 1979 Rim locks 11.
IS 2412:1975,normative_reference,IS 2667:1988,IS 2412:1975#4.1.3,0.75,SUMMAY OF IS 2667 : 1988 FITTINGS FOR RIGID STEEL CONDUITS FOR ELECTRICAL WIRING (First Revision) 2.
IS 2412:1975,normative_reference,IS 2667:1988,IS 2412:1975#4.1.3,0.75,"For detailed information, refer to IS 2667 : 1988 Specification for fitting for rigid steel conduits for electrical wiring (second revision)."
IS 2412:1975,normative_reference,IS 9537 (Part 2):1981,IS 2412:1975#4.1.3,0.85,er requirements of screwed type fittings for use with rigid steel conduits for electrical wiring purposes conforming to IS 9537 (Part 2) : 1981* 1.
IS 2412:1975,related_product,IS 9537 (Part 2):1981,IS 2412:1975#4.1.3,0.85,Dimensions - The nominal sizes of outlets of the fittings shall correspond to the nominal outside diameter of the conduits covered by IS 9537 (Part 2) : 1981 3.
IS 2412:1975,test_method,IS 9537 (Part 2):1981,IS 2412:1975#4.1.3,0.95,Note - For method of tests refer to 4 and Appendix C of the standard and IS 9537 (Part 2) : 1981 Condiuts for electrical in stallations Part 2 Rigid steel conduits.
IS 2501:1995,normative_reference,IS 191 (Part s 1 to 10):1980,IS 2501:1995#6,0.85,Chemical Composition— Shall comply with relevant grade of copper as specified in IS 191 (Parts 1 to 10):1980*
IS 2501:1995,normative_reference,IS 5493:1981,IS 2501:1995#5.1,0.75,See IS 5493 :1981 for rationalised sizes.
IS 2501:1995,normative_reference,IS 5493:1981,IS 2501:1995#5.2,0.75,2 Tolerances — As per IS 5493:1981.
IS 2508:1984,test_method,IS 2530:1963,IS 2508:1984#4,0.98,"Note - For method of tests, refer to A of the standard and IS 2530 : 1963 Methods of test for polyethylene moulding materials and polythylene compounds."
IS 2547 (Part 1):1976,test_method,IS 1288:1982,IS 2547 (Part 1):1976#4,0.98,"Note — For methods of tests, refer to Appendices A to C of the standard, IS 1288:1982 Methods of test for mineral gypsum (second revision) and relevant parts of IS 2542 Methods of test for gypsum plaster,"
IS 2547 (Part 1):1976,test_method,IS 2542,IS 2547 (Part 1):1976#4,0.98,"endices A to C of the standard, IS 1288:1982 Methods of test for mineral gypsum (second revision) and relevant parts of IS 2542 Methods of test for gypsum plaster, concrete and products."
IS 2547 (Part 2):1976,test_method,IS 2542,IS 2547 (Part 2):1976#3,0.98,"PLASTERS (First Revision) Note—For methods of tests, refer to Appendices A and B of the standard and relevant parts of IS 2542 Methods of test for Gypsum plaster, Concrete and Products."
IS 2548 (Part 1):1996,related_product,IS 1300:1994,IS 2548 (Part 1):1996#3,0.9,Materials Seats and Covers : a) Material for type PF seats and covers shall be phenolic plastics conforming to Grade 2 or 3 of IS 1300 : 1994* b) Material for Type UF seats and covers shall be urea-for maldehyde conforming to IS 3389 : 1994+ 3.
IS 2548 (Part 1):1996,related_product,IS 3389:1994,IS 2548 (Part 1):1996#3,0.9,o Grade 2 or 3 of IS 1300 : 1994* b) Material for Type UF seats and covers shall be urea-for maldehyde conforming to IS 3389 : 1994+ 3.
IS 2548 (Part 2):1996,same_family_part,IS 2548 (Part 1):1996,IS 2548 (Part 2):1996#5.8,0.95,"For detailed information, refer to IS 2548 (Part 1) : 1996 Specification for plastic seats and covers for water closets: Part 1 Thermoplastic seats and covers (fifth revision)."
IS 2553 ( PART 1):1990,related_product,IS 2835,IS 2553 ( PART 1):1990#3.1.3.1,0.85,"efects more than those specified respectively for 'AA' or 'A' quality of sheet glass, as the case may be in Table 2A of IS 2835."
IS 2553 ( PART 1):1990,related_product,IS 2835:1987,IS 2553 ( PART 1):1990#3.1.1,0.9,1 Material - Safety glass shall be made of 'A A' and 'A' quality [see IS 2835 : 1987*] from flat transparent glass.
IS 2553 ( PART 1):1990,related_product,IS 2835:1987,IS 2553 ( PART 1):1990#3.1.2,0.85,1 and Annex B of IS 2835 : 1987.
IS 2553 ( PART 1):1990,related_product,IS 2835:1987,IS 2553 ( PART 1):1990#3.1.3,0.85,all not have defects greater than those specified for AA or A quality of sheet glass as the case may be in Table 2 of IS 2835 : 1987.
IS 2553 ( PART 1):1990,safety,IS 2835:1987,IS 2553 ( PART 1):1990#3.1.3,0.9,* Note — Safety glass made from float glass shall not have waviness more than 8 mm (Refer IS 2835:1987* test for waviness) both in central and outer area and for other defects it shall not have more than those specified f
IS 2553 ( PART 1):1990,related_product,IS 2835:1987,IS 2553 ( PART 1):1990#3.1.3,0.85,ntral and outer area and for other defects it shall not have more than those specified for AA quality of sheet glass of IS 2835 : 1987.
IS 2553 ( PART 1):1990,safety,IS 2835:1987,IS 2553 ( PART 1):1990#3.2.1,0.9,1 Thickness - Toughened safety glass shall be of nominal thickness and range of thickness as specified in Table 1 of IS 2835 : 1987.
IS 2553 ( PART 1):1990,safety,IS 2835:1987,IS 2553 ( PART 1):1990#3.2.2,0.9,(length and width) - Tolerance on length and width of the toughened safety glass shall be in accordance with Table1 of IS 2835 : 1987.
IS 2556 (Part 3),same_family_part,IS 2556 (Part 13):1973,IS 2556 (Part 3)#2.4,0.95,The trap shall conform to IS 2556 ( Part 13) : 1973+.
IS 2556 (Part 7):1994,same_family_part,IS 2556 (Part 3):1994,IS 2556 (Part 7):1994#4.2,0.95,the flushing test shall be performed in accordance to the provisions stipulated in IS : 2556 (Part 3) : 1994+.
IS 2645:2003,test_method,IS 4031,IS 2645:2003#2.4,0.98,"Note— For methods of tests, refer to Appendix B of the standard, IS 4031 Methods of physical tests for hydraulic cement IS 6925 Methods of test for determination of water soluble chlorides in"
IS 2645:2003,test_method,IS 6925,IS 2645:2003#2.4,0.98,"Note— For methods of tests, refer to Appendix B of the standard, IS 4031 Methods of physical tests for hydraulic cement IS 6925 Methods of test for determination of water soluble chlorides in concrete and admixtures."
IS 2678:1987,normative_reference,IS 1173:1978,IS 2678:1987#3,0.75,11 IS 1173 : 1978 Hot rolled slit steel bars (second revision) 17.
IS 2678:1987,normative_reference,IS 12778:2004,IS 2678:1987#3,0.75,24 IS 12778 : 2004 Hot rolled steel parallel flange beam and column sections-dimensions.
IS 2678:1987,normative_reference,IS 1730:1989,IS 2678:1987#3,0.75,"15 IS 1730 : 1989 Dimensions for steel plates, sheet strips and flats for general engineering 17."
IS 2678:1987,normative_reference,IS 1732:1989,IS 2678:1987#3,0.75,"16 purposes (second revision) IS 1732 : 1989 Dimensions for round and square steel bars , for structural and general 17."
IS 2678:1987,related_product,IS 1863:1979,IS 2678:1987#3,0.85,18 engineering purposes IS 1863 : 1979 Hot rolled steel bulb flats (first revision).
IS 2678:1987,related_product,IS 2314:1986,IS 2678:1987#3,0.85,19 IS 2314 : 1986 Steel sheet piling sections (first revision) 17.
IS 2678:1987,related_product,IS 3443:1980,IS 2678:1987#3,0.85,20 IS 3443 : 1980 Crane rail sections (first revision) 17.
IS 2678:1987,normative_reference,IS 3908:1986,IS 2678:1987#3,0.75,SECTION 17 STRUCTURAL SHAPES CONTENTS Title page ALUMINIUM SECTIONS IS 3908 : 1986 Aluminium equal leg angles (first revision) 17.
IS 2678:1987,related_product,IS 3909:1986,IS 2678:1987#3,0.85,3 IS 3909 : 1986 Aluminium unequal leg angles (first revision) 17.
IS 2678:1987,related_product,IS 3921:1985,IS 2678:1987#3,0.85,4 IS 3921 : 1985 Aluminium channels (first revision) 17.
IS 2678:1987,normative_reference,IS 3954:1991,IS 2678:1987#3,0.75,21 IS 3954 : 1991 Hotrolled steel channel sections for general engineering purpose 17.
IS 2678:1987,related_product,IS 3964:1980,IS 2678:1987#3,0.85,22 (first revision) IS 3964 : 1980 Light rails (first revision).
IS 2678:1987,related_product,IS 5384:1985,IS 2678:1987#3,0.85,5 IS 5384 : 1985 Aluminium I- beam (first revision) 17.
IS 2678:1987,related_product,IS 6445:1985,IS 2678:1987#3,0.85,6 IS 6445 : 1985 Aluminium Tee-sections (first revision) 17.
IS 2678:1987,related_product,IS 8081:1976,IS 2678:1987#3,0.85,23 IS 8081: 1976* Slotted sections.
IS 2678:1987,normative_reference,IS 808:1989,IS 2678:1987#3,0.75,"7 STEEL SECTIONS IS 808 : 1989 Dimensions for hot rolled steel beam, column, channel and angle sections 17."
IS 2678:1987,related_product,IS 811:1987,IS 2678:1987#3,0.85,8 (third revision) IS 811 : 1987 Cold formed light gauge structural steel sections (second revision) 17.
IS 2681:1993,related_product,IS 3564:1995,IS 2681:1993#7,0.85,"For detailed information, refer to IS 3564 : 1995 Specification for hydraulically regulated door closers (fourth revision)."
IS 2681:1993,related_product,IS 3564:1995,IS 2681:1993#7,0.85,SUMMARY OF IS 3564 : 1995 HYDRAULICALLY REGULATED DOOR CLOSER (Fourth Revision) 2.
IS 2687:1991,normative_reference,IS 1367,IS 2687:1991#4.2,0.75,Note1 - Refer to various Parts of IS 1367 Technical supply conditions for threaded steel fasteners.
IS 2687:1991,normative_reference,IS 1367 (Part 1):1980,IS 2687:1991#5.2,0.85,"2 In respect of requirement not covered in this standard, the nuts shall conform to IS 1367 (Part 1) : 1980."
IS 2687:1991,normative_reference,IS 1367 (Part 10):1979,IS 2687:1991#5.1,0.85,"1 With respect to surface discontinuities, the cap nuts shall conform to IS 1367 (Part 10) : 1979."
IS 2690 (Part 2):1992,test_method,IS 3495,IS 2690 (Part 2):1992#6,0.98,"T 2 HAND - MADE (Second Revision) Note — For methods of test, refer to Annex B of the standard, and relevant parts of IS 3495 Methods of tests of burnt clay building bricks (third revision)."
IS 2691:1988,test_method,IS 3495:1992,IS 2691:1988#4,0.98,"Tolerances Dimension Tolerances mm mm 190 + 3 90,40 + 2 Note — For the methods of tests, refer to relevant parts of IS 3495 : 1992 Method of test for burnt clay building bricks."
IS 269:1989,test_method,IS 4031,IS 269:1989#4,0.98,"respectively vi) Total loss on ignition Not more than 5 percent Note — For method of tests, refer to relevant parts of IS 4031 Methods of physical test for hydraulic cement; and IS: 4032-1985 Methods of chemical analysis of hydraulic cement (first revision)."
IS 269:1989,test_method,IS 4032:1985,IS 269:1989#2,0.98,"Chemical Requirements — When tested in accordance with the methods given in IS 4032 : 1985, 33 grade ordinary Portland cement shall comply with the chemical requirements given in Table 1."
IS 269:1989,test_method,IS 4032:1985,IS 269:1989#4,0.98,"cent Note — For method of tests, refer to relevant parts of IS 4031 Methods of physical test for hydraulic cement; and IS: 4032-1985 Methods of chemical analysis of hydraulic cement (first revision)."
IS 2721:1979,related_product,IS 2553,IS 2721:1979#6.5,0.85,of the standard SECTION 21 GLASS CONTENTS Title Page IS 2553 : (Part 1):1990 Safety Glass: Part 1- General purposes (third revision) 21.
IS 2721:1979,related_product,IS 280,IS 2721:1979#2.4,0.85,4 Tolerances - As per IS 280 *
IS 2721:1979,related_product,IS 280,IS 2721:1979#3,0.9,Material - The mesh wire and the line wire of the fabric shall be manufactured from galvanized steel conforming to IS 280* having a tensile strength within the range of 400 to 550 MPa.
IS 2721:1979,related_product,IS 2835:1987,IS 2721:1979#6.5,0.85,3 IS 2835 : 1987 Flat transparent sheet glass (third revision) 21.
IS 2721:1979,related_product,IS 3438:1994,IS 2721:1979#6.5,0.85,5 IS 3438 : 1994 Silvered glass mirror for General purposes (second revision) 21.
IS 2721:1979,related_product,IS 5437:1994,IS 2721:1979#6.5,0.85,7 IS 5437 : 1994 Figured rolled and wired glass (first revision) 21.
IS 277:2003,related_product,IS 1079,IS 277:2003#2,0.85,le 1 TABLE 1 CLASSIFICATION OF GRADES OF GP/GC COILS AND SHEETS Type Designation GradeReference of Base Metal IS1079/IS 513 (1) (2) (3) (i) Deep drawing GPD Grade 'DD' (ii) Extra deep drawing GPED Grade 'EDD' (iii) Interstitial free GPI
IS 277:2003,related_product,IS 1079,IS 277:2003#8.3.4,0.85,4 Thickness : The tolerance on thickness of sheet and coil shall be according to IS 1079+ or IS 513++.
IS 277:2003,related_product,IS 513,IS 277:2003#8.3.4,0.85,4 Thickness : The tolerance on thickness of sheet and coil shall be according to IS 1079+ or IS 513++.
IS 277:2003,related_product,IS 513 (Part 1),IS 277:2003#2,0.85,BLE 1 CLASSIFICATION OF GRADES OF GP/GC COILS AND SHEETS Type Designation GradeReference of Base Metal IS1079/IS 513 (1) (2) (3) (i) Deep drawing GPD Grade 'DD' (ii) Extra deep drawing GPED Grade 'EDD' (iii) Interstitial free GPIF Grade 'I
IS 278:1978,test_method,IS 1608:1995,IS 278:1978#4.1,0.98,"* * Mild steel wire for general engineering purposes (third revision) Note - For methods of tests refer to IS 1608 : 1995 Mechanical testing of metals-tensile testing (second revision), IS 1755 : 1983 Method for wrapping test of mettalic wi"
IS 278:1978,test_method,IS 1755:1983,IS 278:1978#4.1,0.98,"on) Note - For methods of tests refer to IS 1608 : 1995 Mechanical testing of metals-tensile testing (second revision), IS 1755 : 1983 Method for wrapping test of mettalic wire (first revision) and IS 4826 : 1979 Hot-dipped galvanized coatings on round"
IS 278:1978,related_product,IS 280:1978,IS 278:1978#4.1,0.9,Material — Galvanized mild steel wire conforming to IS 280 : 1978.
IS 278:1978,test_method,IS 4826:1979,IS 278:1978#4.1,0.95,"etals-tensile testing (second revision), IS 1755 : 1983 Method for wrapping test of mettalic wire (first revision) and IS 4826 : 1979 Hot-dipped galvanized coatings on round steel wires (first revision)."
IS 278:1978,normative_reference,IS 4826:1979,IS 278:1978#6.2.1,0.75,1 Line wire - Shall satisfy the requirements as for minimum medium coated wire given in IS 4826 : 1979†.
IS 2849:1983,test_method,IS 2542 (Part 2):1981,IS 2849:1983#6,0.98,"Note — For the Methods of tests, refer to IS 2542 (Part 2)-1981 Methods of test for Gypsum plaster, concrete and products- Part 2 gypsum products (first revision) and IS 3808:1979 Met"
IS 2849:1983,test_method,IS 3808:1979,IS 2849:1983#6,0.98,"42 (Part 2)-1981 Methods of test for Gypsum plaster, concrete and products- Part 2 gypsum products (first revision) and IS 3808:1979 Method of test for non-combustibility of building materials (first revision) For detailed information, refer to IS 284"
IS 2907:1998,test_method,IS 10102:1982,IS 2907:1998#3,0.95,Note *- For method of test refer to IS 10102 : 1982 Technical supply condition for rivets.
IS 2907:1998,normative_reference,IS 10102:1982,IS 2907:1998#6.1,0.85,"1 In respect of requirements not covered in this standard, the rivets shall conform to IS 10102 : 1982*"
IS 2907:1998,terminology,IS 10102:1982,IS 2907:1998#6.2,0.92,2 Limits of Surface cracks on rivets shall be in Technical suply conditino for rivels accordance with IS 10102 : 1982*.
IS 2998:1982,terminology,IS 10102:1982,IS 2998:1982#8,0.92,"Note 2- For general requirements for supply of rivets and their workmanship, limits of surface crack on rivets, tolerances, refer to IS 10102 : 1982 Technical supply conditions of rivets."
IS 2998:1982,test_method,IS 10102:1982,IS 2998:1982#8,0.95,"Note 3 - For methods of tests, refer to IS 1500 : 1983 Method for Brinell hardness test for Metallic material (second revision) and IS 10102 : 1982 Technical supply conditionsfor rivets."
IS 2998:1982,test_method,IS 1500:1983,IS 2998:1982#8,0.98,"Note 3 - For methods of tests, refer to IS 1500 : 1983 Method for Brinell hardness test for Metallic material (second revision) and IS 10102 : 1982 Technical supply conditionsfor rivets."
IS 3037:1986,test_method,IS 1203:1978,IS 3037:1986#3.1,0.98,"Note-For methods of tests, refer to IS 1203:1978*, IS 1205 : 1978 **, IS 1208 : 1978#, IS 1212 : 1978 ^, IS 1216:1978``."
IS 3037:1986,test_method,IS 1205:1978,IS 3037:1986#3.1,0.98,"Note-For methods of tests, refer to IS 1203:1978*, IS 1205 : 1978 **, IS 1208 : 1978#, IS 1212 : 1978 ^, IS 1216:1978``."
IS 3037:1986,test_method,IS 1208:1978,IS 3037:1986#3.1,0.98,"Note-For methods of tests, refer to IS 1203:1978*, IS 1205 : 1978 **, IS 1208 : 1978#, IS 1212 : 1978 ^, IS 1216:1978``."
IS 3037:1986,test_method,IS 1212:1978,IS 3037:1986#3.1,0.98,"Note-For methods of tests, refer to IS 1203:1978*, IS 1205 : 1978 **, IS 1208 : 1978#, IS 1212 : 1978 ^, IS 1216:1978``."
IS 3037:1986,test_method,IS 1216:1978,IS 3037:1986#3.1,0.98,"Note-For methods of tests, refer to IS 1203:1978*, IS 1205 : 1978 **, IS 1208 : 1978#, IS 1212 : 1978 ^, IS 1216:1978``."
IS 3063:1994,related_product,IS 4072:1975,IS 3063:1994#4,0.9,Material — The spring lock washers shall be made from suitable steel according to IS 4072 : 1975 * to meet the requirements specified
IS 3068:1986,normative_reference,IS 1077:1992,IS 3068:1986#2,0.85,Quality — Shall be prepared from the well/ overburnt bricks conforming to class designation 50 and above of IS 1077:1992.
IS 3068:1986,test_method,IS 2386:1963,IS 3068:1986#3.2,0.98,"R USE IN LIME CONCRETE (Second Revision) Note — For methods of tests, refer to Appendices A and B of the standard and IS 2386: 1963 Methods of tests for aggregates for concrete."
IS 3068:1986,test_method,IS 5640:1970,IS 3068:1986#3.2,0.92,IS 5640: 1970 Methods of test for determining aggregate impact value of soft coarse aggregates.
IS 3087:1985,test_method,IS 2380:1977,IS 3087:1985#7,0.98,"Note — For methods of tests, refer to various parts of IS 2380 : 1977 Methods of tests for wood particle boards and boards from other lignocellulosic materials."
IS 3087:1985,normative_reference,IS 848:1974,IS 3087:1985#3.2,0.85,2 Adhesive —Any suitable type of synthetic resin conforming to IS 848:1974* may be used .
IS 3097:1980,test_method,IS 2380:1977,IS 3097:1980#3,0.98,"Note—For test procedure, refer to the standard and various parts of IS 2380 : 1977 Method of test for wood particle boards and boards from other lignocellulosic materials (first revision)."
IS 3115:1992,test_method,IS 2185 (Part 1):1979,IS 3115:1992#4.1,0.95,"Height 90, 190 mm SUMMARY OF IS 3115 : 1992 LIME BASED BLOCKS (Second Revision) Note — For methods of test, refer to IS 2185 (Part 1):1979 Concrete masonry units— Part 1 solid and hollow concrete blocks (second revision)."
IS 3117:2004,test_method,IS 1211:1978,IS 3117:2004#4.2,0.98,"Note — For methods of tests, refer to IS 1211:1978 Methods for testing tar and bitumen: Determination of water content (Dean and Stark method) (first revision) and Append"
IS 3121:1981,test_method,IS 2633:1986,IS 3121:1981#4.2,0.98,2 Tests for Galvanizing : Shall be tested in accordance with IS 2633 : 1986+ and IS 6745 : 1972+ if specified.
IS 3121:1981,related_product,IS 4759:1996,IS 3121:1981#3.1,0.85,1 Galvanizing - All components of assembled stretching screw shall be galvanized as per IS 4759 : 1996 All screw threads shall be `brush' or `spun' galvanized.
IS 3121:1981,test_method,IS 6745:1972,IS 3121:1981#4.2,0.95,2 Tests for Galvanizing : Shall be tested in accordance with IS 2633 : 1986+ and IS 6745 : 1972+ if specified.
IS 3129:1985,test_method,IS 2380:1977,IS 3129:1985#6.2,0.98,"Note —For test procedure, refer to the standard and various parts of IS 2380:1977."
IS 3129:1985,normative_reference,IS 848:1974,IS 3129:1985#2.2,0.85,2 Adhesive— Shall be BWR or BWP type conforming to IS 848 : 1974*.
IS 3182:1986,normative_reference,IS 1077:1992,IS 3182:1986#2,0.85,General Quality — Shall be prepared from broken/ solid bricks conforming to class designation 50 and above of IS 1077:1992*.
IS 3182:1986,test_method,IS 2386,IS 3182:1986#3,0.98,"Note — For methods of tests, refer to relevant parts of IS 2386: Method of test for aggregates for concrete, and IS 3068:1986 Broken brick (burnt clay) coarse aggregate for use in lim"
IS 3182:1986,test_method,IS 3068:1986,IS 3182:1986#3,0.95,"Note — For methods of tests, refer to relevant parts of IS 2386: Method of test for aggregates for concrete, and IS 3068:1986 Broken brick (burnt clay) coarse aggregate for use in lime concret (second revision)."
IS 3308:1981,test_method,IS 3346:1980,IS 3308:1981#8,0.98,"5 SUMMARY OF IS 3308 : 1981 WOOD WOOL BUILDING SLABS (First Revision) Note— For test procedures, refer to Appendix B of the standard, IS 3346 : 1980 Method for the determination of thermal conductivity of thermal insulation materials (Two slab, guarded hot-plate metho"
IS 3308:1981,test_method,IS 3348:1965,IS 3308:1981#10,0.95,"Note — For test procedures, refer to Appendices A to E of the standard For detailed information, refer to IS 3348 : 1965 Specification for fibre insulation boards."
IS 3308:1981,related_product,IS 3348:1965,IS 3308:1981#9,0.85,8 20 retardant type 18 23 16 25 44 16 Bitumen Bonded fibre 9 13 38 insulation board 12 23 38 18 45 32 25 86 32 SUMMARY OF IS 3348 : 1965 FIBRE INSULATION BOARD 2.
IS 3308:1981,test_method,IS 8225:1987,IS 3308:1981#8,0.92,"ation of thermal conductivity of thermal insulation materials (Two slab, guarded hot-plate method) (first revision) and IS 8225 : 1987 Method of measurement of sound absorption in a reverberation room (first revision)."
IS 3311:1979,related_product,IS 2556 (Part 4):1994,IS 3311:1979#1,0.9,"ing and finish of waste plug, chain and stay suitable for use in wash-basins and sinks complying IS 771 (Part 2) 1985*, IS 2556 (Part 4): 1994+ *IS 2556 (Part 5) :1994‡ ."
IS 3311:1979,related_product,IS 2556 (Part 5):1994,IS 3311:1979#1,0.9,"g, chain and stay suitable for use in wash-basins and sinks complying IS 771 (Part 2) 1985*, IS 2556 (Part 4): 1994+ *IS 2556 (Part 5) :1994‡ ."
IS 3311:1979,related_product,IS 2963:1979,IS 3311:1979#1,0.9,Dimensions of the waste plug have been specified so as to suit waste fittings covered in IS 2963: 1979.
IS 3311:1979,related_product,IS 771 (Part 2),IS 3311:1979#1,0.9,"ure, construction, testing and finish of waste plug, chain and stay suitable for use in wash-basins and sinks complying IS 771 (Part 2) 1985*, IS 2556 (Part 4): 1994+ *IS 2556 (Part 5) :1994‡ ."
IS 3316:1974,test_method,IS 1121,IS 3316:1974#3.1,0.98,"Note — For methods of tests, refer to IS 1121Part 11974 Method test for determination of strength properties of natural building stones."
IS 3316:1974,test_method,IS 1122:1974,IS 3316:1974#3.1,0.95,"Part 1 Compressive strength (first revision), IS 1122:1974 Method of test for determination of true specific gravity of natural building stones (first revision) and IS 1124:197"
IS 3316:1974,test_method,IS 1124:1974,IS 3316:1974#3.1,0.98,"S 1122:1974 Method of test for determination of true specific gravity of natural building stones (first revision) and IS 1124:1974 Method of test for determination of water absorption, apparent specific gravity and porosity of natural building stones (first revision)."
IS 3367:1993,test_method,IS 3495,IS 3367:1993#5,0.98,"Note — For methods of test, refer to Appendices A and B of the standard and relevant parts of IS 3495 Methods of tests of burnt clay building bricks (third revision)."
IS 3384:1986,test_method,IS 1203:1978,IS 3384:1986#1,0.98,"0 percent by weight, Min Note— For test rocedures, refer to Methods of testing tar and bituminous materials; IS 1203 : 1978 Determination of penetration IS 1206 (Part 1): 1978 Determination of viscosity: Part 1 Industrial viscosity."
IS 3384:1986,test_method,IS 1206 (Part 1):1978,IS 3384:1986#1,0.98,"r test rocedures, refer to Methods of testing tar and bituminous materials; IS 1203 : 1978 Determination of penetration IS 1206 (Part 1): 1978 Determination of viscosity: Part 1 Industrial viscosity."
IS 3384:1986,test_method,IS 1208:1978,IS 3384:1986#1,0.92,IS 1208 : 1978 Determination of ductility.
IS 3384:1986,test_method,IS 1209:1978,IS 3384:1986#1,0.92,IS 1209 : 1978 Determination of flash point and fire point.
IS 3384:1986,test_method,IS 1211:1978,IS 3384:1986#1,0.92,IS 1211 : 1978 Determination of water content (Dean and Stark Method).
IS 3384:1986,test_method,IS 1213:1978,IS 3384:1986#1,0.92,IS 1213 : 1978 Distillation test IS 1216 : 1978 Determination of solubility in carbon disulphide tricholoroethyelne For detailed infor
IS 3384:1986,test_method,IS 1216:1978,IS 3384:1986#1,0.92,"IS 1213 : 1978 Distillation test IS 1216 : 1978 Determination of solubility in carbon disulphide tricholoroethyelne For detailed information, refer to IS 3384 : 1986 S"
IS 3419:1989,related_product,IS 9537 (Part 3):1983,IS 3419:1989#3,0.85,Nominal size of the outlets of the fittings shall correspond to the nominal outside diameter of the conduits covered by IS 9537 (Part 3) : 1983*.
IS 3438:1994,normative_reference,IS 2835:1987,IS 3438:1994#2.2,0.85,2 Glass Sheet - The Glass sheet used for mirrors shall comply with the requirements prescribed for AA and A qualities of IS 2835 : 1987 Note - Float glass may also be used if agreed to between the purchaser and the supplier.
IS 3443:1980,test_method,IS 1500:1983,IS 3443:1980#6.1,0.98,"Note 3 - For method of tests refer to IS 1500 : 1983 Method of Brinell hardness test (second revision), and IS 1608 : 1995 Mechanical testing of metals - Tensile testing (second revision)."
IS 3443:1980,test_method,IS 1608:1995,IS 3443:1980#6.1,0.98,"Note 3 - For method of tests refer to IS 1500 : 1983 Method of Brinell hardness test (second revision), and IS 1608 : 1995 Mechanical testing of metals - Tensile testing (second revision)."
IS 3461:1980,test_method,IS 3464:1980,IS 3461:1980#5,0.98,"Note 1 : For methods of tests, refer to IS 3464:1980 Methods of test for plastic floor covering and wall tiles (first revision)."
IS 3461:1980,test_method,IS 686:1985,IS 3461:1980#5,0.92,Shall not be inferior to that of No. 5 of daylight the 8 standard patterns of blue dyed woolen fabric specified in IS 686:1985* SUMMARY OF IS 3461 : 1980 PVC ASBESTOS FLOOR TILES (First Revision) iv) Volatile matter Loss in weight shall not exceed 1 percent.
IS 3462:1986,test_method,IS 3464:1986,IS 3462:1986#5,0.98,"The mandrel test shall Note— For methods of tests, refer to Appendix A to D of the standard and IS 3464:1986 Methods of test for plastic flooring and wall tiles (second revision)."
IS 3462:1986,test_method,IS 9766:1992,IS 3462:1986#5,0.95,vi) Colour fastness to day Shall be rated not less than standard 4 when tested in accordance with IS 9766:1992* vii) Curling (for tiles) Shallnotexceed0.
IS 3462:1986,related_product,IS 9766:1992,IS 3462:1986#5,0.85,The colour of the treated pieces shall show no significant change when compared with un-treated material *IS 9766 : 1992 Flexible PVC compounds night xi) Ply adhesion Adhesion between plies in any test piece shall not be less than 1.
IS 3466:1988,test_method,IS 4031,IS 3466:1988#3,0.98,"cent of and 3 parts standard sand by volume, Min original flow Note — For methods of tests, refer to relevant parts of IS 4031."
IS 3468:1991,normative_reference,IS 1367 (Part 1),IS 3468:1991#8,0.85,"2 In respect of requirements not covered in this standard, the nuts shall conform to IS 1367 (Part 1) : For detailed information, refer to IS 3468 : 1991 Specification for pipe nuts (second revision)."
IS 3468:1991,normative_reference,IS 1367 (Part 10),IS 3468:1991#8,0.85,"1 With respect to surface discontinuities, the pipe nuts shall conform to IS 1367 (Part 10)."
IS 3468:1991,normative_reference,IS 1367 (Part 14),IS 3468:1991#8,0.75,al properties | Property Class 14 H | A2-50 | Minimum tensile strength 300 MPa | | | Indian Standard IS 1367(Part 7) | IS 1367(Part 14)+ | |
IS 3468:1991,normative_reference,IS 1367 (Part 2):1979,IS 3468:1991#8,0.75,SUMMARY OF IS 3468 : 1991 PIPE NUTS (Second Revision) | Tolerances | Product grade B Indian Standard IS 1367 (Part 2) : 1979 * | | | | --- | --- | --- | --- | | Threads | Type : Pipe threads | | | | | Indian Standard IS 2643 | | | | Mate
IS 3468:1991,related_product,IS 1367 (Part 7),IS 3468:1991#8,0.85,Brass | | Mechanical properties | Property Class 14 H | A2-50 | Minimum tensile strength 300 MPa | | | Indian Standard IS 1367(Part 7) | IS 1367(Part 14)+ | |
IS 3468:1991,normative_reference,IS 2643,IS 3468:1991#8,0.75,S 1367 (Part 2) : 1979 * | | | | --- | --- | --- | --- | | Threads | Type : Pipe threads | | | | | Indian Standard IS 2643 | | | | Material | Steel | Stainles Steel | Brass | | Mechanical properties | Property Class 14 H | A2-50 | Minimum t
IS 3478:1966,test_method,IS 2380:1997,IS 3478:1966#5,0.98,"SUMMARY OF IS 3478 : 1966 HIGH DENSITY WOOD PARTICLE BOARDS Note —For test procedures, refer to various parts of IS 2380 : 1997 Methods of test for wood particle boards and boards from other lignocellulosic materials ( first revision ) and 9."
IS 3502:1994,normative_reference,IS 1599:1985,IS 3502:1994#6,0.85,Bend Test — In accordance with IS 1599 : 1985.
IS 3502:1994,test_method,IS 1599:1985,IS 3502:1994#7.3,0.98,"Note - For test procedures, refer to IS 1599 : 1985 Methods of bend test (second revision) and IS 1608 : 1995 Mechanical testing of metals tensile testing (second revision)."
IS 3502:1994,test_method,IS 1608:1995,IS 3502:1994#7.3,0.98,"Note - For test procedures, refer to IS 1599 : 1985 Methods of bend test (second revision) and IS 1608 : 1995 Mechanical testing of metals tensile testing (second revision)."
IS 3502:1994,normative_reference,IS 1730:1989,IS 3502:1994#7.1,0.85,1 Nominal dimensions of chequered plates (exluding raised portion) shall be in accordance with IS 1730 : 1989+.
IS 3502:1994,related_product,IS 1852:1985,IS 3502:1994#7.2,0.85,"The rolling and cuting tolerances on width, length and thickness (exluding raised portion) shall be as given in IS 1852 : 1985‡."
IS 3502:1994,normative_reference,IS 1977:1996,IS 3502:1994#2,0.85,Material - Steel for the chequered plates shall conform to the requirements of Grade A of IS 2062 : 1992+ or IS 1977 : 1996++.
IS 3502:1994,normative_reference,IS 1977:1996,IS 3502:1994#5,0.85,Tensile Test - Properties shall conform to Grade A of IS 2062 : 1992+ or IS 1977 : 1996++.
IS 3502:1994,related_product,IS 2062:1992,IS 3502:1994#2,0.9,Material - Steel for the chequered plates shall conform to the requirements of Grade A of IS 2062 : 1992+ or IS 1977 : 1996++.
IS 3502:1994,normative_reference,IS 2062:1992,IS 3502:1994#5,0.85,Tensile Test - Properties shall conform to Grade A of IS 2062 : 1992+ or IS 1977 : 1996++.
IS 3513 (Part 1),normative_reference,IS 10026 (Part 3/ Sec 1 to 7):1983,IS 3513 (Part 1)#3.3,0.85,3 Varnishes - Insulating oils and varnishes used for treating compreg boards and the machined components of compreg shall conform to IS 10026 (Part 3/ Sec 1 to 7) : 1983.
IS 3513 (Part 1),test_method,IS 1586:1988,IS 3513 (Part 1)#6,0.98,"ry) vi) Comparative tracking index for varnished — CTI 100 components Note — For the methods of tests, refer to i) IS 1586 :1988 Method of Rockwell herdness test for metallic materials (second revision)."
IS 3513 (Part 1),test_method,IS 1586:1988,IS 3513 (Part 1)#6,0.98,Note - For method of tests refer to - i) IS 1586 : 1988 Method for Rockwell hardness test for metallic material (second revision) ii) IS 1708 : 1986 Methods of testing of sma
IS 3513 (Part 1),test_method,IS 1708:1986,IS 3513 (Part 1)#6,0.92,ii) IS 1708 :1986 Methods of testing of small clear specimens of timber (second revision).
IS 3513 (Part 1),test_method,IS 1708:1986,IS 3513 (Part 1)#6,0.98,Note - For method of tests refer to - i) IS 1586 : 1988 Method for Rockwell hardness test for metallic material (second revision) ii) IS 1708 : 1986 Methods of testing of small clear specimen of Timber (second revision) iii) IS 1734 (Part 9) : 1983 Methods of test of
IS 3513 (Part 1),test_method,IS 1734 (Part 9):1983,IS 3513 (Part 1)#6,0.92,"iii) IS 1734 (Part 9) : 1983 Method of test for plywood, Part 9 Determination of tensile strength (second revision)."
IS 3513 (Part 1),test_method,IS 1734 (Part 9):1983,IS 3513 (Part 1)#6,0.98,erial (second revision) ii) IS 1708 : 1986 Methods of testing of small clear specimen of Timber (second revision) iii) IS 1734 (Part 9) : 1983 Methods of test of plywood : Part 9 Determination of tensile strength.
IS 3513 (Part 1),test_method,IS 1998:1962,IS 3513 (Part 1)#6,0.92,iv) IS 1998 :1962 Method of test for thermosetting syntheticresin bonded laminated sheets.
IS 3513 (Part 1),test_method,IS 1998:1962,IS 3513 (Part 1)#6,0.92,(second revision) iv) IS 1998 : 1962 Method of test for thermosetting synthetic resin bonded laminated sheets.
IS 3513 (Part 1),test_method,IS 2259:1963,IS 3513 (Part 1)#6,0.92,v) IS 2259 : 1963 Method of test for determination of insulation resistance of solid insulating material.
IS 3513 (Part 1),normative_reference,IS 2824:1975,IS 3513 (Part 1)#6,0.75,vi) IS 2824 :1975 Method of determining comparative tracking index of solid insulating materials under moist conditions (first revision).
IS 3513 (Part 1),normative_reference,IS 324:1959,IS 3513 (Part 1)#3.2,0.85,"2 Solvents - Denatured spirit conforming to IS 324 :1959+ or any suitable solvent conforming to its Indian Standard Specifications,"
IS 3513 (Part 1),test_method,IS 3396:1979,IS 3513 (Part 1)#6,0.92,vii) IS 3396 :1979 Method of test for volume and surface resistivities of solid electrical insulating materials (first revision).
IS 3513 (Part 1),same_family_part,IS 3513 (Part 2),IS 3513 (Part 1)#6,0.95,25 SUMMARY OF IS 3513 (PART 2) 1989 : RESIN TREATED COMPRESSED WOOD LAMINATES (COMPREGS) PART 2 FOR CHEMICAL PURPOSES (First Revision) 1.
IS 3513 (Part 1),same_family_part,IS 3513 (Part 2):1989,IS 3513 (Part 1)#6,0.95,"For detailed information, refer to IS 3513 (Part 2) : 1989."
IS 3513 (Part 1),same_family_part,IS 3513 (Part 4):1966,IS 3513 (Part 1)#6,0.95,"viii) IS 3513 (Part 4) :1966 High andmedium density wood based laminates, Part 4 sampling and tests."
IS 3513 (Part 1),same_family_part,IS 3513 (Part 4):1966,IS 3513 (Part 1)#6,0.95,v) IS 3513 (Part 4) : 1966 High and medium density wood based laminates (compreg) : Part 4 Sampling and tests.
IS 3513 (Part 1),normative_reference,IS 524:1983,IS 3513 (Part 1)#6,0.85,3 Varnishes - Shall conform to IS 524 : 1983+ and IS 525 : 1968++.
IS 3513 (Part 1),normative_reference,IS 525:1968,IS 3513 (Part 1)#6,0.85,3 Varnishes - Shall conform to IS 524 : 1983+ and IS 525 : 1968++.
IS 3513 (Part 1),related_product,IS 848:1974,IS 3513 (Part 1)#3.1,0.85,ion and bonding of veneers shall be of thermosetting phenol or cresol formaldehyde type and shall generally conform to IS 848 : 1974.
IS 3513 (Part 1),normative_reference,IS 848:1974,IS 3513 (Part 1)#6,0.85,2 Synthetic Resins - Shall be of phenol or cresol formaldehyde type and shall conform to IS 848 : 1974 *.
IS 3513 (Part 3),test_method,IS 1586:1988,IS 3513 (Part 3)#5.2,0.98,5 Note-For method of tests refer to: i) IS 1586 : 1988 Method for rockwell hardness test for metallic material (second revision) ii) IS 1708 : 1986 Methods of testing of
IS 3513 (Part 3),test_method,IS 1708:1986,IS 3513 (Part 3)#5.2,0.98,tests refer to: i) IS 1586 : 1988 Method for rockwell hardness test for metallic material (second revision) ii) IS 1708 : 1986 Methods of testing of small clear specimen of timber (second revision) iii) IS 1734 (Part 9) Methods of testing of
IS 3513 (Part 3),test_method,IS 1734 (Part 9),IS 3513 (Part 3)#5.2,0.98,"(second revision) ii) IS 1708 : 1986 Methods of testing of small clear specimen of timber (second revision) iii) IS 1734 (Part 9) Methods of testing of plywood, Part 9 Determination of tensile strength."
IS 3513 (Part 3),test_method,IS 1998:1962,IS 3513 (Part 3)#5.2,0.92,(sssecond revision) iv) IS 1998 : 1962 Method of test for thermosetting synthetic resin bonded laminated sheets.
IS 3513 (Part 3),same_family_part,IS 3513 (Part 4),IS 3513 (Part 3)#5.2,0.95,v) IS 3513 (Part 4) : Specification for high and medium density wood based laminates (compreg) : Part 4 - Sampling tests.
IS 3513 (Part 3),normative_reference,IS 524:1983,IS 3513 (Part 3)#3.3,0.85,Varnishes — Shall conform to IS 524 : 1983+ and IS 525 : 1968‡ .
IS 3513 (Part 3),normative_reference,IS 525:1968,IS 3513 (Part 3)#3.3,0.85,Varnishes — Shall conform to IS 524 : 1983+ and IS 525 : 1968‡ .
IS 3513 (Part 3),related_product,IS 848:1974,IS 3513 (Part 3)#3.2,0.85,2 Synthetic Resins - Shall be of thermosetting phenol or cresol formaldeyde type and shall generally conform to IS 848 : 1974.
IS 3583:1988,test_method,IS 3495:1992,IS 3583:1988#5.3,0.98,"Note — For methods of tests, refer to relevant parts of IS 3495:1992 Method of test for burnt clay building bricks (third revision)."
IS 3620:1979,test_method,IS 1121 (Part 1):1974,IS 3620:1979#5,0.98,"SUMMARY OF IS 3620 : 1979 LATERITE STONE BLOCK FOR MASONRY (First Revision) Note — For methods of tests, refer to IS 1121(Part 1) : 1974 Methods of test for determination of strength properties of natural building stones : Part 1 Compressive strength (firs"
IS 3620:1979,test_method,IS 1124:1974,IS 3620:1979#5,0.92,"for determination of strength properties of natural building stones : Part 1 Compressive strength (first revision) and IS 1124:1974 Method of test for determination of water absorption, apparent specific gravity and porosity of natural building stones (first revision)."
IS 3622:1977,test_method,IS 1121 (Part 2):1974,IS 3622:1977#4,0.98,"Note — For methods of tests, refer to IS 1121(Part 2):1974 Methods of test for determination of strength properties of natural building stones: Part 2 Transverse strength (first"
IS 3622:1977,test_method,IS 1124:1974,IS 3622:1977#4,0.92,"test for determination of strength properties of natural building stones: Part 2 Transverse strength (first revision), IS 1124:1974 Method of test for determination of water absorption, apparent specific gravity and porosity of natural building stones"
IS 3622:1977,test_method,IS 1126:1974,IS 3622:1977#4,0.98,"determination of water absorption, apparent specific gravity and porosity of natural building stones (first revision), IS 1126:1974 Method of test for determination for durability of natural building stones (first revision) and IS 1706:1972 Method of"
IS 3622:1977,test_method,IS 1706:1972,IS 3622:1977#4,0.98,"revision), IS 1126:1974 Method of test for determination for durability of natural building stones (first revision) and IS 1706:1972 Method of determination of resistance to wear by abrasion of natural building stones (first revision)."
IS 3629:1986,normative_reference,IS 287:1993,IS 3629:1986#2.3,0.85,mber for various situations of buildings in different climate zones of the country shall conform to the requirement of IS 287: 1993*
IS 3629:1986,related_product,IS 4891:1988,IS 3629:1986#7,0.85,1 Sawn Timber — The cut sizes of timber for Structural purposes and the tolerance shall be those as given in IS 4891: 1988 ‡ except where net dimensions are specifically mentioned Permissible tolerances in measurements shall be as follows —
IS 3629:1986,installation,IS 883:1994,IS 3629:1986#7,0.85,2 For other grades permissible stresses given in IS 883 : 1994 shall be multiplied by a) For select grade timber 1.
IS 363:1993,related_product,IS 364:1993,IS 363:1993#4,0.85,SUMMARY OF IS 363 : 1993 HASPS AND STAPLES (Fourth Revision) SUMMARY OF IS 364 : 1993 FAN LIGHT CATCH (Third Revision) 1.
IS 363:1993,related_product,IS 364:1993,IS 363:1993#5.2,0.85,"For detailed information,refer to IS 364 : 1993 Specification for fan light catch (third revision)."
IS 3677:1985,test_method,IS 3144:1992,IS 3677:1985#3.6,0.98,"02 Note - For methods of tests, refer to IS 3144 : 1992 Mineral wool thermal insulation materials-Methods of tests (second revision)."
IS 3709:1966,normative_reference,IS 11128:1984,IS 3709:1966#2.6,0.88,18 IS 11128 : 1984 Spray applied hydrated Calcium silicate thermal insulation 23.
IS 3709:1966,normative_reference,IS 11307:1985,IS 3709:1966#2.6,0.88,20 IS 11307: 1985 Cellular glass block and pipe thermal insulation 23.
IS 3709:1966,normative_reference,IS 11308:1985,IS 3709:1966#2.6,0.88,21 IS 11308 : 1985 Hydraulic setting thermal insulating castables for temperatures 23.
IS 3709:1966,normative_reference,IS 12436:1988,IS 3709:1966#2.6,0.88,IS 12436 : 1988 Preformed rigid polyurethane (PUR) and polyisocyanurate (PIR) foams 23.
IS 3709:1966,normative_reference,IS 13204:1991,IS 3709:1966#2.6,0.88,23 for thermal insulation IS 13204 : 1991 Rigid phenolic foams for thermal insulation 23.
IS 3709:1966,normative_reference,IS 3677:1985,IS 3709:1966#2.6,0.88,SECTION 23 THERMAL INSULATION MATERIALS CONTENTS Title Page IS 3677 : 1985 Unbonded rock and slag wool for thermal insulation (second revision) 23.
IS 3709:1966,normative_reference,IS 4671:1984,IS 3709:1966#2.6,0.88,3 IS 4671 : 1984 Expanded polystyrene for thermal insulation purposes (first revision) 23.
IS 3709:1966,normative_reference,IS 6598:1972,IS 3709:1966#2.6,0.88,5 IS 6598 : 1972 Cellular concrete for thermal insulation 23.
IS 3709:1966,normative_reference,IS 7509:1993,IS 3709:1966#2.6,0.88,7 IS 7509 : 1993 Thermal insulating cement (first revision) 23.
IS 3709:1966,normative_reference,IS 8154:1993,IS 3709:1966#2.6,0.88,8 IS 8154 : 1993 Preformed calcium silicate insulation (for temperature up to 650ºC) 23.
IS 3709:1966,normative_reference,IS 8183:1993,IS 3709:1966#2.6,0.88,9 (first revision) IS 8183 : 1993 Bonded mineral wool (first revision) 23.
IS 3709:1966,normative_reference,IS 9428:1993,IS 3709:1966#2.6,0.88,11 IS 9428 : 1993 Preformed Calcium silicate insulation (for temperatures upto 950ºC) 23.
IS 3709:1966,normative_reference,IS 9742:1993,IS 3709:1966#2.6,0.88,13 (first revision) IS 9742 : 1993 Sprayed mineral wool thermal insulation (first revision) 23.
IS 3709:1966,normative_reference,IS 9743:1990,IS 3709:1966#2.6,0.88,15 IS 9743 : 1990 Thermal insulation finishing cements (first revision) 23.
IS 3709:1966,normative_reference,IS 9842:1994,IS 3709:1966#2.6,0.88,16 IS 9842 : 1994 Preformed fibrous pipe insulation (first revision) 23.
IS 3731:1985,test_method,IS 3364 (Part 2):1976,IS 3731:1985#5.8,0.92,"ts permitted, refer to 6 of the standard Note —For methods of measurement and evaluation of defects in timber, refer to IS 3364 (Part 2) : 1976 Methods of measurement and evaluation of defects in timber Part 2 Converted timber (first revision)."
IS 3731:1985,related_product,IS 4891:1988,IS 3731:1985#5.8,0.85,SUMMARY OF IS 4891 : 1988 PREFERRED CUT SIZES OF STRUCTURAL TIMBER (First revision) TABLE 3 PREFERRED CUT SIZES OF STRUCTURAL TIMBER FOR PARTI
IS 3731:1985,related_product,IS 4891:1988,IS 3731:1985#5.8,0.85,"Preferred timber length for shutters— 460, 500, 700, 800, 900, 1 100, 1 200, 1 905 and 2 005 mm For detailed information, refer to IS 4891 : 1988 Specification for preferred cut sizes of structural timber (first revision)."
IS 3757:1985,normative_reference,IS 1367 (Part 1),IS 3757:1985#6.2,0.85,"2 In regard to requirements not covered in the standard, tbe bolts shall conform to IS 1367(Part I)+ * ISO Metric screw thread * As per sheet + Attahced + For commercial bolts and nuts (diameter range 1 to 52 mm) (fir"
IS 3757:1985,normative_reference,IS 1367 (Part 13),IS 3757:1985#5,0.85,8 bolts are required to be hot dip galbanized they shall be galvanized in accordance with the requirements of IS 1367(Part13) + Note - Bolts of property class 10.
IS 3757:1985,normative_reference,IS 1367 (Part 2),IS 3757:1985#3,0.75,Grade - The bolts shall be of product grade C as specified in IS 1367(Part 2) *
IS 3757:1985,normative_reference,IS 4218 (Part 6),IS 3757:1985#2.3,0.85,"3 Threads shall conform to tolerence class 6g of IS 4218 (Part 6) * For detailed information, refer to IS 3757 : 1985 Specification for high strength structural bolts (second revision)."
IS 3837:1976,related_product,IS 9537 (Part 2),IS 3837:1976#1,0.9,"Scope - Material, dimensions and other requirements of accessories (other than fittings) used with rigid steel conduits conforming of IS : 9537 (Part 2) 1981*."
IS 383:1970,test_method,IS 2386,IS 383:1970#3.4,0.98,"75 mm 25-45 30-50 600 micron 8-30 10-35 150 micron 0-6 0-6 Note 1 — For methods of tests, refer to all parts of IS : 2386 Methods of test for aggregates for concrete: Note 2 — Description and physical characteristics of aggregates for concr"
IS 383:1970,test_method,IS 2386 (Part 5),IS 383:1970#2.6,0.92,"action) — Coarse and fine aggregates shall pass a sodium or magnesium sulphate accelerated soundness test specified in IS : 2386 (Part V) 1963, for concrete liable to be exposed to the action of frost."
IS 3908:1986,normative_reference,IS 3965:1981,IS 3908:1986#3,0.75,1 Aluminium sections covered in this standard shall in IS 3965 : 1981* be manufactured from the following alloys in appropriate temper: * Dimensions for wrought aluminium and aluminium allo
IS 3908:1986,related_product,IS 733:1983,IS 3908:1986#3,0.85,2 Aluminium alloys and temper selected shall con form to the provisions of IS 733 : 1983* | | |
IS 3909:1986,normative_reference,IS 3965:1981,IS 3909:1986#3,0.75,be as specified in IS 3965 :1981* 4.
IS 3909:1986,related_product,IS 733:1983,IS 3909:1986#3,0.85,Material - to the provisions of IS 733 : 1983.
IS 3921:1985,normative_reference,IS 3965:1981,IS 3921:1985#4.1,0.85,"sectional properties, refer to Table of the standard, Dimensional tolerances for the sections shall be as specified in IS 3965 :1981+ + Dimensions for wrought aluminium and aluminium alloy bars rods and section (first revision)."
IS 3921:1985,normative_reference,IS 733:1983,IS 3921:1985#3.2,0.85,2 Aluminium alloys and temper selected shall conform to the provisions of IS 733 : 1983* * Wrought aluminium and aluminium alloy bars rods and sections for general engineering purposes (third revision)
IS 3951 (Part 2):1975,related_product,IS 13317:1992,IS 3951 (Part 2):1975#6,0.85,"SUMMARY OF IS 13317 : 1992 CLAY ROOFING COUNTRY TILES, HALF ROUND AND FLAT TILES For detailed information, refer to IS 13317:1992 Specification f"
IS 3951 (Part 2):1975,related_product,IS 13317:1992,IS 3951 (Part 2):1975#6,0.85,"SUMMARY OF IS 13317 : 1992 CLAY ROOFING COUNTRY TILES, HALF ROUND AND FLAT TILES For detailed information, refer to IS 13317:1992 Specification for clay roofing country tiles, half round and flat tiles."
IS 3951 (Part 2):1975,related_product,IS 2095,IS 3951 (Part 2):1975#6,0.85,Half Round Tiles Flat Tiles SECTION 5 GYPSUM BUILDING MATERIALS CONTENTS Title Page IS 2095 Gypsum plaster boards (Part I) : 1996 Plain gypsum plaster boards (second revision) 5.
IS 3951 (Part 2):1975,related_product,IS 2547,IS 3951 (Part 2):1975#6,0.85,5 IS 2547 Gypsum building plaster (Part I) : 1976 Excluding premixed light weight plaster (first revision) 5.
IS 3951 (Part 2):1975,related_product,IS 2849:1983,IS 3951 (Part 2):1975#6,0.85,9 IS 2849 : 1983 Non load bearing gypsum partition blocks 5.
IS 3951 (Part 2):1975,related_product,IS 8272:1984,IS 3951 (Part 2):1975#6,0.85,10 (Solid and hollow types) IS 8272 : 1984 Gypsum plaster for use in the manufacture of fibrous 5.
IS 3952:1988,test_method,IS 3495:1992,IS 3952:1988#8,0.98,"Note — For methods of tests, refer to Appendices A and B of the standard, and relevant parts of IS 3495 : 1992 Method of test for burnt clay building bricks (third revision)."
IS 3964:1980,test_method,IS 1608:1995,IS 3964:1980#6,0.98,"Note 2 - For method of test, refer to IS 1608 : 1995 Mechanical testing of metals-Tensile testing (second revision) For detailed information, refer to IS 3964 : 1980 Spec"
IS 399:1963,normative_reference,IS 4970:1973,IS 399:1963#4.6,0.75,"Note 2 —For key for field indentification of commercial timber ( soft woods and hard woods) based on their general properties, refers to IS 4970 :1973."
IS 4021:1995,installation,IS 1141:1993,IS 4021:1995#2.3,0.85,3 Seasoning and Treatment - Shall be well seasoned as per IS 1141 : 1993‡.
IS 4021:1995,normative_reference,IS 12896:1990,IS 4021:1995#2.1,0.85,1 Indian timbers suitables shall be in accordance with IS 12896 : 1990.
IS 4021:1995,normative_reference,IS 287:1993,IS 4021:1995#2.2,0.75,2 Moisture Content—Shall be as per IS 287:1993+.
IS 4021:1995,installation,IS 401:1982,IS 4021:1995#2.3,0.85,and treated as per IS 401 : 1982§.
IS 404 (Part 1):1993,same_family_part,IS 404 (Part Part):1993,IS 404 (Part 1):1993#7,0.95,"Including Degree in OD Percent (1) (2) (3) (4) 10 15 23 100 15 25 35 100 25 — 35 75 For detailed information, refer to IS 404 (Part) : 1993 Specification for lead pipes-for other than chemical purposes (third revision)."
IS 407:1981,normative_reference,IS 5493:1981,IS 407:1981#4.2,0.75,2 Tolerances—For tolerances refer to IS 5493 : 1981*.
IS 4098:1983,test_method,IS 1514:1990,IS 4098:1983#5,0.98,"The permissible tolerance on the mass of mixture supplied Note — For methods of tests, refer to IS 1514 : 1990 Methods of sampling and test for quick lime and hydrated lime (first revision)."
IS 4098:1983,test_method,IS 1727:1967,IS 4098:1983#5,0.98,"IS 1727 : 1967 Methods of test for pozzolanic materials (first revision),relevent parts of IS 4031: Methods of physical tests for"
IS 4098:1983,test_method,IS 4031,IS 4098:1983#5,0.98,"IS 1727 : 1967 Methods of test for pozzolanic materials (first revision),relevent parts of IS 4031: Methods of physical tests for hydraulic cement, and IS 6932 (Part 2): 1973 Methods of tests for building limes."
IS 4098:1983,test_method,IS 6932 (Part 2):1973,IS 4098:1983#5,0.92,"zolanic materials (first revision),relevent parts of IS 4031: Methods of physical tests for hydraulic cement, and IS 6932 (Part 2): 1973 Methods of tests for building limes."
IS 412:1975,test_method,IS 1599:1985,IS 412:1975#26,0.98,"Note 1 - For test procedures, refer to IS 1608 :1995 Mechanical testing of metals tensile testing (second revision),and IS 1599:1985 Method for bend test (second revision), Note 2 - For chemical composition see 3."
IS 412:1975,test_method,IS 1608:1995,IS 412:1975#26,0.98,"Note 1 - For test procedures, refer to IS 1608 :1995 Mechanical testing of metals tensile testing (second revision),and IS 1599:1985 Method for bend test (second revision),"
IS 419:1967,test_method,IS 101 (Part 2/Sec 1):1988,IS 419:1967#3,0.92,"5 IS 101 (Part 2/Sec 1):19882) by weight, Max iii) Keeping properties Not less than 6 IS 101 (Part 6/Sec2): 19893) months Note—For methods of tests,"
IS 419:1967,test_method,IS 101 (Part 6/Sec2):1989,IS 419:1967#3,0.98,"5 IS 101 (Part 2/Sec 1):19882) by weight, Max iii) Keeping properties Not less than 6 IS 101 (Part 6/Sec2): 19893) months Note—For methods of tests, refer to IS 85 : 1950 Methods of test for oil pastes for paints; and for method of"
IS 419:1967,test_method,IS 101 (Part 8/Sec 1):1989,IS 419:1967#3,0.92,"0 IS 101 (Part 8/Sec 1):19891) percent by weight, Max ii) Water content, percent 1."
IS 4270:2001,normative_reference,IS 4736:1986,IS 4270:2001#9,0.85,"Where tubes are required to be galvanized, the zinc coating on the tubes shall be in accordance with IS 4736 :1986*."
IS 432 (Part 1):1982,test_method,IS 1599:1985,IS 432 (Part 1):1982#6.2,0.98,"Note 1 - For test procedures , refer to IS 1608 : 1995 Mechanical testing of metals- tensile testing (second revision), IS 1599 : 1985 Method for bend test (second revision), (IS 2062:1999 Steel for general structural purposes (fifth revision), and 9 of the standard."
IS 432 (Part 1):1982,test_method,IS 1608:1995,IS 432 (Part 1):1982#6.2,0.98,"Note 1 - For test procedures , refer to IS 1608 : 1995 Mechanical testing of metals- tensile testing (second revision), IS 1599 : 1985 Method for bend test (second revision"
IS 432 (Part 1):1982,test_method,IS 2062:1999,IS 432 (Part 1):1982#6.2,0.95,"hanical testing of metals- tensile testing (second revision), IS 1599 : 1985 Method for bend test (second revision), (IS 2062:1999 Steel for general structural purposes (fifth revision), and 9 of the standard."
IS 452:1973,related_product,IS 453:1993,IS 452:1973#6.1,0.85,SUMMARY OF IS 452 : 1973 DOOR SPRING RAT- TAIL TYPE (Second Revision) SUMMARY OF IS 453 : 1993 DOUBLE-ACTING SPRING HINGES (Third Revision) 1.
IS 452:1973,related_product,IS 453:1993,IS 452:1973#6.1,0.85,"Note— For details regarding materials see 4 of the standard For detailed information, refer to IS 453 : 1993 Specification for double-acting spring hinges (third revision)."
IS 454:1994,test_method,IS 1202:1978,IS 454:1994#3,0.98,"0 vii) Matter soluble in trichloro-ethylene, percent by mass, Min 99 99 99 99 99 99 Note—For methods of tests, refer to IS 1202:1978 Methods of testing tar and bituminous materials, determination of specific gravity (first revision)."
IS 454:1994,test_method,IS 1203:1978,IS 454:1994#3,0.98,"Requirements— See Table 1 Note— For methods of tests, refer to IS 1203 : 1978 Determination of penetration (first revision)."
IS 454:1994,test_method,IS 1203:1978,IS 454:1994#3,0.92,IS 1203 : 1978 Determination of solubility in carbon disulphide trichloroethylene (first revision).
IS 454:1994,test_method,IS 1203:1978,IS 454:1994#3,0.92,IS 1203:1978 Determination of penetration (first revision) IS 1205:1978 Determination of softening point (first revision) IS 1208:
IS 454:1994,test_method,IS 1205:1978,IS 454:1994#3,0.92,IS 1203:1978 Determination of penetration (first revision) IS 1205:1978 Determination of softening point (first revision) IS 1208:1978 Determination of ductility (first revision) IS 1212:19
IS 454:1994,test_method,IS 1206 (Part 1):1978,IS 454:1994#3,0.92,IS 1206 (Part1):1978 Determination of viscosity Part 1 Industrial viscosity (first revision).
IS 454:1994,test_method,IS 1208:1978,IS 454:1994#3,0.92,IS 1208 : 1978 Determination of ductility (first revision).
IS 454:1994,test_method,IS 1208:1978,IS 454:1994#3,0.92,IS 1203:1978 Determination of penetration (first revision) IS 1205:1978 Determination of softening point (first revision) IS 1208:1978 Determination of ductility (first revision) IS 1212:1978 Determination of loss on heating (first revision) IS 1216:19
IS 454:1994,test_method,IS 1209:1978,IS 454:1994#3,0.92,IS 1209 : 1978 Determination of flash point and fire point (first revision).
IS 454:1994,test_method,IS 1211:1978,IS 454:1994#3,0.92,IS 1211 : 1978 Determination of water content (Dean and Stark method) (first revision).
IS 454:1994,test_method,IS 1212:1978,IS 454:1994#3,0.92,1205:1978 Determination of softening point (first revision) IS 1208:1978 Determination of ductility (first revision) IS 1212:1978 Determination of loss on heating (first revision) IS 1216:1978 Determination of solubility in carbon disulphide trich
IS 454:1994,test_method,IS 1213:1978,IS 454:1994#3,0.92,IS 1213 : 1978 Distillation test (first revision).
IS 454:1994,test_method,IS 1216:1978,IS 454:1994#3,0.92,1208:1978 Determination of ductility (first revision) IS 1212:1978 Determination of loss on heating (first revision) IS 1216:1978 Determination of solubility in carbon disulphide trichloroethylene (first revision) IS 1448 (Part 69):1969 Methods of
IS 454:1994,test_method,IS 1448 (Part 69):1969,IS 454:1994#3,0.92,"ting (first revision) IS 1216:1978 Determination of solubility in carbon disulphide trichloroethylene (first revision) IS 1448 (Part 69):1969 Methods of tests for petroleum and its products, Part 69 Flash and fire point by clevland (open) cup."
IS 454:1994,related_product,IS 702:1988,IS 454:1994#3,0.85,Grades - a) 85/25 b) 85/40 c) 90/15 SUMMARY OF IS 702 : 1988 INDUSTRIAL BITUMEN (Second Revision) d) 115/15 e) 135/10 f) 155/6 Note— The two values given in the grade denot
IS 454:1994,related_product,IS 702:1988,IS 454:1994#3,0.85,"For detailed information, refer to IS 702 : 1988 Specifications for industrial bitumen (second revision)."
IS 455:1989,related_product,IS 12089:1987,IS 455:1989#2,0.95,Granulated slag conforming to IS 12089:1987 † has been found suitable for the manufacture of Portland slag cement.
IS 455:1989,test_method,IS 12423:1988,IS 455:1989#2,0.98,(Method of test for determination of chloride content in cement is given in IS 12423:1988.
IS 458:2003,test_method,IS 3597:1998,IS 458:2003#5.1,0.98,Note 2 — For methods of tests refer to IS 3597 : 1998 Methods of test for concrete pipes (second revision).
IS 459:1992,test_method,IS 5913:2003,IS 459:1992#3.1,0.98,"Note 2 — For methods of tests, refer to IS 5913: 2003 Methods of tests for absestos cement products (second revision)."
IS 4621:1975,related_product,IS 2209:1976,IS 4621:1975#5,0.85,Scope - Requirements for door handles for operation of mortice locks (vertical type) covered in IS 2209 : 1976.
IS 4621:1975,related_product,IS 280,IS 4621:1975#5,0.85,Mild steel wire used for the manufacture of welded fabric shall coaform to IS 280.
IS 4621:1975,related_product,IS 4948:2002,IS 4621:1975#5,0.85,"For detailed information, refer to IS 4948 : 2002 Specification for welded steel wire fabric for general use (second revision)."
IS 4621:1975,related_product,IS 4948:2002,IS 4621:1975#5,0.85,SUMMARY OF IS 4948 : 2002 WELDED STEEL WIRE FABRIC FOR GENERAL USE (Second Revision) * Stainless steel wire - Specification (first revision 1.
IS 4621:1975,related_product,IS 4992:1975,IS 4621:1975#7,0.85,"SUMMARY OF IS 4992 : 1975 DOOR HANDLES FOR MORTICE LOCKS (VERTICAL TYPE) (First Revision) For detailed information, refer to IS 4992 : 1975 Sp"
IS 4621:1975,related_product,IS 4992:1975,IS 4621:1975#7,0.85,"SUMMARY OF IS 4992 : 1975 DOOR HANDLES FOR MORTICE LOCKS (VERTICAL TYPE) (First Revision) For detailed information, refer to IS 4992 : 1975 Specification for door handles for mortice locks (vertical type) (first revision)."
IS 4621:1975,normative_reference,IS 6528,IS 4621:1975#5,0.85,2 Stainless steel wire used for the manufacture of welded fabric shall conform to grade X 04 Cr 17 Ni 12 Mo 2 or X 04 Cr 18 Ni 10 of IS 6528*.
IS 4671:1984,test_method,IS 3346:1980,IS 4671:1984#3.5.1,0.98,"ax v) Moisture absorption, 2 1 1 1 1 percent Note - For method of tests, refer to Appendices A to F of the standard and IS 3346 : 1980 Method of determination of thermal conductivity of thermal insulation materials (two slab, guard hot-plate method) (first revision)."
IS 4832 (Part 1):1969,installation,IS 4441:1980,IS 4832 (Part 1):1969#4,0.85,"Note 2— For general guide for chemical resistance of sillicate type mortars to various substances, refer to Table 1 of IS 4441:1980 Code of practice for use of silicate type chemical resistant mortars (first revision)."
IS 4832 (Part 1):1969,test_method,IS 4456 (Part 1):1967,IS 4832 (Part 1):1969#4,0.98,"MARY OF IS 4832 (PART 1) : 1969 CHEMICAL RESISTANT MORTARS PART I - SILICATE TYPE Note 1— For method of tests, refer to IS 4456 (Part 1) : 1967 Methods of test for chemical resistant mortar: Part I Silicate type and resin type Note 2— For general guide for chemi"
IS 4832 (Part 3):1968,installation,IS 4442:1980,IS 4832 (Part 3):1968#5,0.85,"Note 2— For general guide for chemical resistance of sulphur type mortars to various substances, refer to Table 1 of IS 4442:1980 Code of practic for use of resin type chemical resistant mortar (First Revision."
IS 4832 (Part 3):1968,test_method,IS 4456 (Part 2):1967,IS 4832 (Part 3):1968#5,0.98,"Note 1 — For methods of tests, refer to IS 4456(Part 2) : 1967 Methods of test for chemical resistant mortars: Part 2 Sulphur type."
IS 4860:1968,test_method,IS 1237:1980,IS 4860:1968#6,0.95,"ge wear shall not exceed 2 mm Note - For methods of tests, refer to Appendices A to D of the standard and Appendix A of IS 1237:1980 Specification for cement concrete flooring tiles (first revision)."
IS 4895:1985,test_method,IS 3364 (Part 1):1976,IS 4895:1985#5,0.92,"5 m Mid - girth — 1 m Note —For method of measurement of defects in timber, refer to IS 3364 (Part 1) : 1976 Methods of measurement and evaluvation of defects in timber Part 1 Logs (first revision)."
IS 4923:1997,normative_reference,IS 1254:1991,IS 4923:1997#10,0.88,9 IS 1254 : 1991 Corrugated aluminium sheet (third revision) 16.
IS 4923:1997,normative_reference,IS 1285:2002,IS 4923:1997#10,0.88,10 IS 1285 : 2002 Wrought aluminium and its alloys-extruded round tube and16.
IS 4923:1997,test_method,IS 1608:1995,IS 4923:1997#8.1,0.98,"- Note 1 - For test procedures, refer to IS 1608 : 1995 Mechanical testing of metals- Tensile testing (second revision) Note 2 - For other geometrical properties, refer to the standard."
IS 4923:1997,normative_reference,IS 2525:1982,IS 4923:1997#10,0.88,11 IS 2525 : 1982 Dimensions for wrought aluminium and aluminium alloy wire (second revision) 16.
IS 4923:1997,normative_reference,IS 2676:1981,IS 4923:1997#10,0.88,"12 IS 2676 : 1981 Dimensions for wrought aluminium and aluminium alloys, sheet and strip (first revision) 16."
IS 4923:1997,normative_reference,IS 2677:1979,IS 4923:1997#10,0.88,"13 IS 2677 : 1979 Dimensions for wrought aluminium and aluminium alloys, plates and hot rolled sheets (first revision) 16."
IS 4923:1997,normative_reference,IS 2678:1987,IS 4923:1997#10,0.88,14 IS 2678 : 1987 Dimensions and tolerances for wrought aluminium and aluminium alloys drawn round tubes (second revision) 16.
IS 4923:1997,normative_reference,IS 733:1983,IS 4923:1997#10,0.88,"SECTION 16 LIGHT METALS AND THEIR ALLOYS CONTENTS Title Page IS 733 : 1983 Wrought aluminium and aluminium alloys-bars, rods and sections for general engineering purposes (third revision) 16."
IS 4923:1997,normative_reference,IS 736:1986,IS 4923:1997#10,0.88,3 IS 736 : 1986 Wrought aluminium and aluminium alloys- plates for general engineering purposes (third revision) 16.
IS 4923:1997,normative_reference,IS 737:1986,IS 4923:1997#10,0.88,"4 IS 737 : 1986 Wrought aluminium and aluminium alloys sheet and strip, for general engineering purposes (third revision) 16."
IS 4923:1997,normative_reference,IS 738:1994,IS 4923:1997#10,0.88,5 IS 738 : 1994 Wrought aluminium and its alloys-drawn tubes for general engineering purposes (third revision) 16.
IS 4923:1997,normative_reference,IS 739:1992,IS 4923:1997#10,0.88,7 IS 739 : 1992 Wrought aluminium and its alloys-wire tubes for general engineering pur poses (third revision) 16.
IS 4923:1997,normative_reference,IS 740:1977,IS 4923:1997#10,0.88,8 IS 740 : 1977 Wrought aluminium and its alloys-rivet stocks for general engineering purposes (third revision) 16.
IS 4984:1995,normative_reference,IS 7328:1992,IS 4984:1995#4.1,0.85,ene — High density polyethylene (HDPE) used for the manufacture of pipes shall conform to dsignation PEEWA-45-T-006 of IS 7328 : 1992*.
IS 4984:1995,normative_reference,IS 7328:1992,IS 4984:1995#4.1,0.85,HDPE conforming to designation PEEWA-45- T-012 of IS 7328 : 1992 may also be used with the exception that melt flow rating (MFR) shall not exceed 1.
IS 4984:1995,related_product,IS 7328:1992,IS 4984:1995#4.1,0.85,2 of IS 7328:1992.
IS 4985:2000,related_product,IS 10151:1982,IS 4985:2000#3,0.9,The monomer consent (VCM) in the resin shall be within the links of IS 10151:1982*
IS 4985:2000,test_method,IS 12235:1986,IS 4985:2000#6.2,0.92,"Note — For methods of measurements and tests, refer to IS 6307 : 1987 Rigid PVC sheets (first revision) relevant parts of IS 12235 : 1986."
IS 4985:2000,related_product,IS 6307:1987,IS 4985:2000#6.2,0.85,"Note — For methods of measurements and tests, refer to IS 6307 : 1987 Rigid PVC sheets (first revision) relevant parts of IS 12235 : 1986."
IS 4990:1993,normative_reference,IS 12049:1987,IS 4990:1993#4.3,0.85,3 Tolerances— The tolerances on the nomial sizes of finished boards shall be as specified in IS 12049 :1987*.
IS 4990:1993,test_method,IS 1734:1983,IS 4990:1993#6.3,0.98,"3 Water Resistance Test Note — For method of tests, refer to various parts of IS 1734 : 1983 Method of tests for plywood (second revision) For detailed informations, refer to IS 4990 : 1993 Specification for ply"
IS 4990:1993,related_product,IS 848:1974,IS 4990:1993#3.2,0.85,Veneers—Shall be of the hot press synthetic resin (phenol formaldehyde) type and shall conforn to BWP type specified in IS 848 : 1974.
IS 513:1994,test_method,IS 10175 (Part 1):1993,IS 513:1994#4.4,0.98,"d of bend test (second revision), IS 1608 : 1995 Mechanical testing of metals - Tensile testing (second revision) ; and IS 10175 (Part 1) : 1993 Mechanical testing of metals - Modified erichsen cupping test - Sheet and strip : Part 1 Thickness upto 2 mm (first revision)."
IS 513:1994,test_method,IS 1501 (Part Part):1984,IS 513:1994#4.4,0.98,"Note 2 - For test procedures, refer to IS 1501 (Part) - 1984 Method for Vickers Hardness test for metallic materials : Part 1 HV 5 to HV 100 (second revision), IS 1586 : 2000 Meth"
IS 513:1994,test_method,IS 1586:2000,IS 513:1994#4.4,0.92,"S 1501 (Part) - 1984 Method for Vickers Hardness test for metallic materials : Part 1 HV 5 to HV 100 (second revision), IS 1586 : 2000 Method of Rockwell Hardness test for metallic materials (A-B-C-D-E-G-H-K 15 N, 30 N, 45N."
IS 513:1994,test_method,IS 1599:1985,IS 513:1994#4.4,0.92,"IS 1599 : 1985 Method of bend test (second revision), IS 1608 : 1995 Mechanical testing of metals - Tensile testing (second revision)"
IS 513:1994,test_method,IS 1608:1995,IS 513:1994#4.4,0.98,"IS 1599 : 1985 Method of bend test (second revision), IS 1608 : 1995 Mechanical testing of metals - Tensile testing (second revision) ; and IS 10175 (Part 1) : 1993 Mechanical testing of"
IS 5219:1969,normative_reference,IS 2643:1975,IS 5219:1969#4.7,0.85,wn in Tables 3 and 4 of the standard and shall be screwed externall with 25 mm (P-1) parallel pipe theads conforming to IS 2643 : 1975 with a minimum thread lenght of 10 mm.
IS 5219:1969,same_family_part,IS 5219 (Part 1):1969,IS 5219:1969#5.4,0.95,"For detailed information, refer to IS 5219 (Part 1) : 1969 Specification for cast copper alloys traps Part 1: 'P' and 'S' traps."
IS 5246:2000,installation,IS 1141:1993,IS 5246:2000#7,0.85,"End Coating — Shall be adequately coated, up to a distance of at least 125 mm, with any of the materials mentioned in IS 1141 : 1993*."
IS 5312 (Part 1):2004,normative_reference,IS 1535,IS 5312 (Part 1):2004#5.7,0.85,"7 Unless otherwise specified in the contract or order, the flanges and their dimensions of drilling shall be in accordance with IS 1535."
IS 5317:2002,test_method,IS 1203:1978,IS 5317:2002#4,0.98,"36mm IS Sieve and 0 22 retained on 600-micron IS Sieve Note— For methods of tests for bitumen, refer to IS 1203:1978 Determination of penetration."
IS 5317:2002,test_method,IS 1205:1978,IS 5317:2002#4,0.92,IS 1205:1978 Determination of softening point.
IS 5317:2002,test_method,IS 1208:1978,IS 5317:2002#4,0.92,IS 1208:1978 Determination of ductility.
IS 5317:2002,test_method,IS 1212:1978,IS 5317:2002#4,0.92,IS 1212:1978 Determination of loss on heating.
IS 5317:2002,test_method,IS 1216:1978,IS 5317:2002#4,0.92,IS 1216:1978 Determination of solubility in carbon disulphide trichloroethylene .
IS 5372:1975,normative_reference,IS 5369:1975,IS 5372:1975#3,0.75,Grade - 'Ordinary' grade of IS 5369 : 1975*
IS 5373:1969,normative_reference,IS 5369:1975,IS 5373:1969#6,0.85,Note— Other Requirements not covered in the standard shall conform to IS : 5369-1975 General requirements for plain washers and lock washers (first revision).
IS 5374:1975,normative_reference,IS 5369:1975,IS 5374:1975#3,0.75,Grade - 'Ordinary' grade of IS : 5369-1975 *
IS 5382:1985,test_method,IS 3400,IS 5382:1985#3.4,0.98,450 400 325 200 125 100 Note — For methods of tests refer to the relevant parts of IS 3400 Methods of test for vulcanised rubber and Appendices B and C of the standard.
IS 5384:1985,normative_reference,IS 3965:1981,IS 5384:1985#4.1,0.85,"1 Note- For sectional properties, refer to the standard dimensional tolerances for the sections shall be as specified in IS 3965:1981* * Dimensions for wrought aluminium and aluminium alloy bar, rod and sections (first revision)"
IS 5384:1985,normative_reference,IS 733:1983,IS 5384:1985#3.2,0.85,"2 Aluminium alloys and temper selected shall conform to the proviions of IS 733 : 1983+ + Wrought aluminium and aluminium alloy, bars, rods and sections for general engineering purposes (third revision) F"
IS 5437:1994,normative_reference,IS 110:1983,IS 5437:1994#4.6,0.88,"SECTION 22 FILLERS, STOPPERS AND PUTTIES CONTENTS Title Page IS 110 : 1983 Ready mixed paint, brushing, grey filler, for enamels for use over primers 22."
IS 5437:1994,normative_reference,IS 3709:1966,IS 5437:1994#4.6,0.88,5 IS 3709:1966 Mastic cement for bedding of metal windows 22.
IS 5437:1994,normative_reference,IS 419:1967,IS 5437:1994#4.6,0.88,3 (second revision) IS 419 : 1967 Putty for use on window frames (first revision) 22.
IS 5437:1994,normative_reference,IS 423:1961,IS 5437:1994#4.6,0.88,4 IS 423 : 1961 Plastic wood for joiners filler (revised) 22.
IS 5509:2000,normative_reference,IS 12049:1987,IS 5509:2000#6,0.75,Dimensions and Tolerances — The dimensions and tolerance of fire retardant plywood shall conform IS 12049 : 1987‡
IS 5509:2000,installation,IS 12120:1987,IS 5509:2000#2.2,0.85,"ent and preserva - tive treatment are required together, the types of chemical and their retention, shall be as given IS 12120 : 1987 +"
IS 5509:2000,test_method,IS 1734,IS 5509:2000#8.5,0.98,Note — For method of test refer IS 1734.
IS 5509:2000,normative_reference,IS 303:1989,IS 5509:2000#3,0.85,Preparation of Plywood for Treatment — Plywood shall conform to BWR grade of IS 303:1989t and shall have a moisture content of notexceeding 15 percent.
IS 5509:2000,related_product,IS 303:1989,IS 5509:2000#8.5,0.85,"5 Other Tests - Glue shear strength in dry state mycological test, water resistance test and any other mechanical property as per IS 303 : 1989."
IS 5531:1988,test_method,IS 1500:1983,IS 5531:1988#6.1,0.98,"0 Length (l) and height (h) +15 - 10 Note— For method of test, refer to IS 1500 : 1983 Method for brinell hardness test for metallkic materials (second revision)."
IS 5531:1988,related_product,IS 1592:1989,IS 5531:1988#4.1,0.85,"hout showing leakage, sweating or other defects) the test pressure, maintained for atleast 15 seconds, as specified in IS 1592 : 1989 for the class of asbestos cement pressure pipes with which they are to be used."
IS 5539:1969,related_product,IS 1328:1996,IS 5539:1969#6,0.85,"0 dry localities, such as inner Type 4 process partitions, panelling, wall or soaking boarding, ceiling and furniture (IS 303 : 1989 and IS 1328 : 1996)@ + Marine plywood (first revision)."
IS 5539:1969,related_product,IS 303:1989,IS 5539:1969#6,0.85,"in other acid-copper-chrome conditions exposed to rain, composition) sun and outer weather but requiring paintin ( IS 303: 1989*) (BWR Grade) vi) Plywood for outer cladding All Type 1 [Creosote or Pressure 100."
IS 5539:1969,related_product,IS 303:1989,IS 5539:1969#6,0.85,"(50:50)] conditions exposed to rain, sun and outer weather but requiring painting, but paint and colour not important (IS 303 :1989 BWR Grade) vii) Plywood for bus flooring All Type 4 ( Copper- Pressure 7."
IS 5539:1969,related_product,IS 303:1989,IS 5539:1969#6,0.85,0 or rail coach flooring chrome-arsenic process ( IS : 303 : 1989 BWR Grade) composition or acidcopper -chrome composition) or Type 1 [Creosote or creosote fuel oil mixture (50:50)] 75.
IS 5539:1969,related_product,IS 303:1989,IS 5539:1969#6,0.85,(IS 303:1989) BWR Grade ix) Decorative panelling do Type 2 or Type 3 not Pressure 4.
IS 5539:1969,related_product,IS 303:1989,IS 5539:1969#6,0.85,0 on rail coaches and ship colour imparting process building(IS 303 : 1989) or soaking BWR Grade) x) Plywood for internal uses in do Type 2 or Type 3 or Pressure 4.
IS 5539:1969,related_product,IS 303:1989,IS 5539:1969#6,0.85,"0 dry localities, such as inner Type 4 process partitions, panelling, wall or soaking boarding, ceiling and furniture (IS 303 : 1989 and IS 1328 : 1996)@ + Marine plywood (first revision)."
IS 5539:1969,related_product,IS 4990:1993,IS 5539:1969#6,0.85,0 IS : 4990 -1993†) chrome arsenic process composition or acid-copper-chrome- Veneer 12.
IS 5539:1969,related_product,IS 710:1976,IS 5539:1969#3,0.85,"0 tugs, fence posts, box, composition) colums, etc ( IS 710 : 1976*) ii) Plywood in direct contact All a) Type 4(Copper Pressure 12."
IS 5539:1969,related_product,IS 710:1976,IS 5539:1969#3,0.85,"ed as composition or for pontoons,, boats, rafts, acid-copper chrome tugs, fence posts, box colu composition) mns, etc (IS 710 : 1976) but plywood not requiring b) Type 1 [Creosote Pressure 100."
IS 5539:1969,related_product,IS 710:1976,IS 5539:1969#3,0.85,0 light painting or only back or creosote fuel process coal tar base (IS 710 : 1976) oil mixture (50 : 50)] * Marine plywood (first revision)
IS 5539:1969,related_product,IS 710:1976,IS 5539:1969#6,0.85,0 to marine borer danger creosote fuel oil process (IS : 710 -1976) + mixture (50:50] iv) Concrete shuttering plywood All Type 4 ( Copper- Pressure 12.
IS 5624:1993,normative_reference,IS 1363 (Part 3),IS 5624:1993#2,0.85,"1 When foundation bolts are required/supplied with hexagon nuts conforming to IS 1363 (Part 3)§ letter `N' shall be added after length, in the designation."
IS 5624:1993,normative_reference,IS 1367,IS 5624:1993#3.1,0.75,"ance | Produce Grade | C | | | Indian Standard | IS 1367 (Part 2) : 1979 t | | | | As produced or Hot-dip galvanized,IS 1367** (Part 13):1983,+ if agreed between supplier and purchaser."
IS 5624:1993,normative_reference,IS 1367 (Part 1),IS 5624:1993#2,0.85,"General Requirements- In respect of requirements not covered in this standard, the nuts shall conform to IS 1367 (Part 1) § + Technical supply conditions for threaded steel fasteners."
IS 5624:1993,normative_reference,IS 1367 (Part 2):1979,IS 5624:1993#3.1,0.75,"6 | | | Indian Standard | IS 1367 (Part 3) : 1991 ++ | | Tolerance | Produce Grade | C | | | Indian Standard | IS 1367 (Part 2) : 1979 t | | | | As produced or Hot-dip galvanized,IS 1367** (Part 13):1983,+ if agreed between supplier and purchaser."
IS 5624:1993,related_product,IS 1367 (Part 3):1991,IS 5624:1993#3.1,0.85,6 | | | Indian Standard | IS 1367 (Part 3) : 1991 ++ | | Tolerance | Produce Grade | C | | | Indian Standard | IS 1367 (Part 2) : 1979 t | | | | As produced or Hot-di
IS 5624:1993,normative_reference,IS 4218 (Part 5):1979,IS 5624:1993#3.1,0.75,BOLTS (First Revision) | Material | | Steel | | --- | --- | --- | | Thread | Tolerances | 8g | | | Indian Standards | IS 4218 (Part 5) : 1979 * IS 4218 (Part 6) : 1978 + | | Mechanical Properties | Property Class | 4.
IS 5624:1993,normative_reference,IS 4218 (Part 6):1978,IS 5624:1993#3.1,0.75,aterial | | Steel | | --- | --- | --- | | Thread | Tolerances | 8g | | | Indian Standards | IS 4218 (Part 5) : 1979 * IS 4218 (Part 6) : 1978 + | | Mechanical Properties | Property Class | 4.
IS 5779:1986,test_method,IS 3495:1992,IS 5779:1986#5.3,0.98,"Note — For methods of tests, refer to relevant parts of IS 3495:1992 Method of test for burnt clay building bricks (third revision)."
IS 5871:1987,test_method,IS 1203:1978,IS 5871:1987#3.1,0.98,"ercent Min 99 or Carbon tetrachloride or trichloroethylene Note— For methods of tests, refer to IS 1203 : 1978*, IS 1205 : 1978+, IS 1208 : 1978‡ , IS 1212 : 1978§, IS 1216 : 1978//."
IS 5871:1987,test_method,IS 1205:1978,IS 5871:1987#3.1,0.98,"99 or Carbon tetrachloride or trichloroethylene Note— For methods of tests, refer to IS 1203 : 1978*, IS 1205 : 1978+, IS 1208 : 1978‡ , IS 1212 : 1978§, IS 1216 : 1978//."
IS 5871:1987,test_method,IS 1208:1978,IS 5871:1987#3.1,0.98,"99 or Carbon tetrachloride or trichloroethylene Note— For methods of tests, refer to IS 1203 : 1978*, IS 1205 : 1978+, IS 1208 : 1978‡ , IS 1212 : 1978§, IS 1216 : 1978//."
IS 5871:1987,test_method,IS 1212:1978,IS 5871:1987#3.1,0.98,"achloride or trichloroethylene Note— For methods of tests, refer to IS 1203 : 1978*, IS 1205 : 1978+, IS 1208 : 1978‡ , IS 1212 : 1978§, IS 1216 : 1978//."
IS 5871:1987,test_method,IS 1216:1978,IS 5871:1987#3.1,0.98,"hloroethylene Note— For methods of tests, refer to IS 1203 : 1978*, IS 1205 : 1978+, IS 1208 : 1978‡ , IS 1212 : 1978§, IS 1216 : 1978//."
IS 5898:1970,related_product,IS 6419:1996,IS 5898:1970#4,0.85,SUMMARY IS 6419 : 1996 WELDING RODS AND BARE ELECTRODES FOR GAS SHIELDED ARC WELDING OF STRUCTURAL STEEL (First Revision) TABLE 1 TENSILE ST
IS 5898:1970,related_product,IS 6419:1996,IS 5898:1970#5.3,0.85,"For detailed information, refer to IS 6419 : 1996 Specifications for welding rods and bare electrodes for gas shielded arc welding of structural steel (first revision)."
IS 5961:1970,related_product,IS 1726:1991,IS 5961:1970#7,0.85,and without fracture a load of 35 tonnes for a minimum period of 30 seconds when subjected to loading test described in IS 1726 : 1991+.
IS 6003:1983,test_method,IS 1608:1995,IS 6003:1983#6.5,0.98,"3 INDENTED WIRE FOR PRESTRESSED CONCRETE (First Revision) Note - For test procedures, refer to 7 of the standard and IS 1608 : 1995 Mechanical testing of metals-Tensile testing (second revision) For detailed information, refer to IS 6003 : 1983 Specif"
IS 6006:1983,test_method,IS 1608:1995,IS 6006:1983#5.4,0.98,"Note - For test procedures, refer to 7 of the standard and IS 1608 : 1995 Mechanical testing of metals-tensile testin (second revision)."
IS 6072:1971,test_method,IS 3809,IS 6072:1971#7.5,0.98,"18 Note 1 — For methods of tests, refer to IS 3809 1979 Specification for fire resistance test for structures (first revision) and relevant partsof IS 6441 Methods of t"
IS 6072:1971,test_method,IS 6441,IS 6072:1971#7.5,0.92,"s, refer to IS 3809 1979 Specification for fire resistance test for structures (first revision) and relevant partsof IS 6441 Methods of test for autoclaved cellular concrete products ."
IS 6073:1971,test_method,IS 3809:1979,IS 6073:1971#7.5,0.98,"18 Note 1 — For methods of tests, refer to IS 3809 : 1979 Specification for fire resistance test for structures (first revision), and relevant parts of IS 6441 Part 1 to 9 Meth"
IS 6073:1971,test_method,IS 6441,IS 6073:1971#7.5,0.92,"refer to IS 3809 : 1979 Specification for fire resistance test for structures (first revision), and relevant parts of IS 6441 Part 1 to 9 Methods of test for autoclaved cellular concrete products."
IS 6163:1978,test_method,IS 1500:1983,IS 6163:1978#4,0.98,"Note — For method of test refer to IS 1500 : 1983 Method for Brimell hardness test for metallic materials(second revision) For detailed information, Refer to IS 6163 :"
IS 6165:1992,normative_reference,IS 1077:1991,IS 6165:1992#1,0.85,It does not lay down the specification of the special shapes for clay bricks and same shall conform to IS 1077:1991* and IS: 2180:1988†.
IS 6165:1992,normative_reference,IS 2180:1988,IS 6165:1992#1,0.85,It does not lay down the specification of the special shapes for clay bricks and same shall conform to IS 1077:1991* and IS: 2180:1988†.
IS 6198:1992,normative_reference,IS 12896:1990,IS 6198:1992#2.1,0.75,1 Timber - Suitable for manufacture shall be as per IS 12896 : 1990.
IS 6250:1981,installation,IS 5119 (Part 1):1968,IS 6250:1981#1,0.9,Requirements in regard to method of laying and fixing of slate tiles for roofing covered in IS 5119 (Part 1):1968*.
IS 638:1979,test_method,IS 3400,IS 638:1979#6,0.98,"5(85) 6(60) 300 250 12(120) 7(70) 350 300 Note— For methods of tests, refer to the standard, and IS 3400: Methods of tests for vulcanized rubbers Part 1 : 1987 Tensile stress-strain properties (second reivsion) Part 2 : 199"
IS 6418:1971,normative_reference,IS 2107,IS 6418:1971#2,0.75,36 IS : 2107 0.
IS 6418:1971,normative_reference,IS 2107,IS 6418:1971#2,0.75,00 — IS : 2107 1.
IS 6418:1971,normative_reference,IS 2107,IS 6418:1971#2,0.75,60 — IS : 2107 2.
IS 6418:1971,normative_reference,IS 2108,IS 6418:1971#2,0.75,50 IS : 2108 0.
IS 6418:1971,normative_reference,IS 2108,IS 6418:1971#2,0.75,30 — IS : 2108 1.
IS 6418:1971,normative_reference,IS 2108,IS 6418:1971#2,0.75,00 — IS : 2108 2.
IS 6445:1985,normative_reference,IS 3965:1981,IS 6445:1985#4.1,0.85,"8 Note - For sectional properties, refer to the standard dimensional tolerances for the sections shall be as specified in IS 3965 :1981* * Dimensions for wrought aluminium and aluminium alloy bar, rod and sections (first revision)."
IS 6445:1985,normative_reference,IS 733:1983,IS 6445:1985#3.2,0.85,"2 Aluminium alloys and temper selected shall conform to the proviions of IS 733 : 1983+ + Wrought aluminium and aluminium alloy, bars, rods and sections for general engineering purposes (third revision) S"
IS 6452:1989,test_method,IS 4031,IS 6452:1989#3,0.98,"Note — For methods of tests, refer to relevant parts of IS 4031 : Methods of physical tests for hydraulic cement and IS 4032 :1985 Method of chemical analysis of hydraulic cement (fi"
IS 6452:1989,test_method,IS 4032:1985,IS 6452:1989#3,0.98,"Note — For methods of tests, refer to relevant parts of IS 4031 : Methods of physical tests for hydraulic cement and IS 4032 :1985 Method of chemical analysis of hydraulic cement (first revision) For detailed information, refer to IS 6452:1989 Specif"
IS 6523:1983,normative_reference,IS 4021:1995,IS 6523:1983#2,0.85,Overall sizes (width and height) of frames shall conform to IS 4021:1995 * Note 1 — Suitable adjustments in cross-sectional shape may be made by agreement between the purchaser and the supplie
IS 6523:1983,installation,IS 456:2000,IS 6523:1983#3.1.3,0.85,3 Concrete — Not weaker than M 20 (see IS 456 : 2000) *
IS 6538:1971,normative_reference,IS 1293:1988,IS 6538:1971#1,0.85,Note -These are intended to be used with socket outlet conforming to IS 1293:1988*
IS 6538:1971,test_method,IS 1293:1988,IS 6538:1971#4.1,0.9,"Note - For test details, refer to 9 of the standard and IS : 1293-1988 Three-pin plugs and socket-outlets (second revision) For detailed information, refer to IS 6538: 1971 Specification fo"
IS 653:1992,test_method,IS 686:1985,IS 653:1992#7,0.92,5 ix) Colour fastness Shall not be inferior to that of No.5 of the standard patterns of the blue dyed wool cloth as specified in IS 686 :1985* * Methods for determination of colour fastness of textile materials to day -lighting (first revision) day to light No
IS 653:1992,test_method,IS 9704:1980,IS 653:1992#7,0.98,"Note— For methods of tests, refer to IS 9704:1980 Methods pf tests for linoleum sheets and tiles."
IS 6579:1981,related_product,IS 1077:1992,IS 6579:1981#3,0.85,"The broken brick aggregate shall be made out of well burnt bricks (see IS 1077 : 1992*) It shall be free from underburnt particles, dust and other foreign matter."
IS 6579:1981,test_method,IS 2386:1963,IS 6579:1981#5.3,0.98,: 1981 COARSE AGGREGATE FOR WATER BOUND MACADAM (First Revision) Note — For methods of tests refer to relevant parts of IS 2386:1963 Methods of test for aggregates for concrete and IS 5640:1970 Method of test for determining aggregate impact value of s
IS 6579:1981,test_method,IS 5640:1970,IS 6579:1981#5.3,0.98,on) Note — For methods of tests refer to relevant parts of IS 2386:1963 Methods of test for aggregates for concrete and IS 5640:1970 Method of test for determining aggregate impact value of soft course aggregates.
IS 6598:1972,test_method,IS 3346:1980,IS 6598:1972#4.6,0.98,"Note - For method of test refer to Appendix A of the standard and IS 3346 : 1980 Method for determination of thermal conductivity of thermal insulation materials (two slab, guarded hot-plate method) (first revision)."
IS 6610:1972,normative_reference,IS 5369:1975,IS 6610:1972#3,0.85,Note - Other requirements of washers shall be as specified in IS 5369 : 1975 General requiremens for plain washers and lock washers (first revision).
IS 6623:2004,normative_reference,IS 1367 (Part 2),IS 6623:2004#3,0.75,Grade - Unless other wire specified the nuts shall be of product grade B as specified in IS 1367 (Part 2).
IS 6623:2004,normative_reference,IS 14962,IS 6623:2004#3,0.85,"The tolerances on the threads shall conform to tolerance 6H of IS 14962 [Part (1, 2 and 3) and in case of hot dip galramized with the tolerances shall be in accordance with IS 14962 [(Part 4"
IS 6623:2004,normative_reference,IS 14962,IS 6623:2004#3,0.85,"nce 6H of IS 14962 [Part (1, 2 and 3) and in case of hot dip galramized with the tolerances shall be in accordance with IS 14962 [(Part 4 and 5)] * Technical supply conditions for threaded steel fasteners (various parts) + ISO metric Threads"
IS 6623:2004,normative_reference,IS 4218,IS 6623:2004#2.2,0.75,"2 Threads of the nuts shall be in a condance to IS 4218 [Parts (1, 2, 3 and 4)]"
IS 6639:1972,related_product,IS 1363 (Part 3),IS 6639:1972#4,0.85,"ements of bolts, refer to IS 1367 (Part1) and IS 14394** and for requirements of hexagon nuts used with bolts, refer to IS 1363 (Part3)."
IS 6639:1972,normative_reference,IS 1367 (Part 1),IS 6639:1972#4,0.75,"Note1—For other requirements of bolts, refer to IS 1367 (Part1) and IS 14394** and for requirements of hexagon nuts used with bolts, refer to IS 1363 (Part3)."
IS 6639:1972,normative_reference,IS 1367 (Part 2):1979,IS 6639:1972#3.2,0.75,2 Grade - Product grade C according to IS 1367(Part 2) : 1979 * * Technical supply conditions for threaded fasteners (various Parts)
IS 6639:1972,related_product,IS 1367 (Part 3):1991,IS 6639:1972#3.1,0.85,6 of IS 1367(Part3) :1991*.
IS 6639:1972,related_product,IS 14394,IS 6639:1972#4,0.85,"Note1—For other requirements of bolts, refer to IS 1367 (Part1) and IS 14394** and for requirements of hexagon nuts used with bolts, refer to IS 1363 (Part3)."
IS 6649:1985,normative_reference,IS 3757:1985,IS 6649:1985#8.1,0.85,1 The high strength structural bolts to be used with these washers shall conform to the requirements of IS 3757:1985.
IS 6649:1985,normative_reference,IS 5369:1975,IS 6649:1985#4,0.85,Grade - Shall conform to IS 5369 : 1975 +.
IS 6649:1985,normative_reference,IS 5369:1975,IS 6649:1985#8,0.85,"not covered in the standard, the washers shall conform to the requirements specified for ordinary washers according to IS 5369 : 1975."
IS 6649:1985,normative_reference,IS 6623:1985,IS 6649:1985#8.2,0.85,2 The high strength structural nuts to be used with these washers shall conform to the requirements of IS 6623:1985.
IS 6736:1972,normative_reference,IS 451:1999,IS 6736:1972#3,0.88,"Note - In regard to the requirements not covered in the standard, Refer to IS 451 : 1999 Technical supply conditions for wood screws (third revision)."
IS 6739:1972,normative_reference,IS 451:1999,IS 6739:1972#3,0.88,"Note - In regard to the requirements not covered in the standard, Refer to IS 451 : 1999."
IS 6760:1972,normative_reference,IS 451:1999,IS 6760:1972#3,0.88,"Note - In regard to the requirements not covered in the standard, Refer to IS 451 : 1999 Technical supply conditions for wood screws (third revision)."
IS 6908:1991,test_method,IS 5913:1989,IS 6908:1991#7.1,0.98,"Note— For methods of tests, refer to IS 5913:1989 Methods of tests for asbestos cement products (first revision)."
IS 6909:1990,test_method,IS 4031,IS 6909:1990#5,0.98,"SUMMARY OF IS 6909 : 1990 SUPERSULPHATED CEMENT (First Revision) Note — For methods of tests, refer to relevant parts of IS 4031 Methods of physical tests for hydraulic cement, and IS 4032:1985 Method of chemical analysis of hydraulic cement (first"
IS 6909:1990,test_method,IS 4032:1985,IS 6909:1990#5,0.98,"on) Note — For methods of tests, refer to relevant parts of IS 4031 Methods of physical tests for hydraulic cement, and IS 4032:1985 Method of chemical analysis of hydraulic cement (first revision) For detailed information, refer to IS 6909:1990 Specif"
IS 694:1990,test_method,IS 5831:1984,IS 694:1990#3.1,0.9,"Note - For test details, refer to IS 5831 : 1984 PVC insulation and sheath of electric cables, (first Revision) IS 8130 : 1984 Conductors for insulated electric cabl"
IS 694:1990,test_method,IS 8130:1984,IS 694:1990#3.1,0.9,"Note - For test details, refer to IS 5831 : 1984 PVC insulation and sheath of electric cables, (first Revision) IS 8130 : 1984 Conductors for insulated electric cables and flexible cords (first revision) and the standard."
IS 7098 (Part 1):1988,test_method,IS 10810,IS 7098 (Part 1):1988#4.1,0.92,"Note - For methods tests, refer to relevant parts of IS 10810 Methods of test for cables."
IS 7098 (Part 1):1988,normative_reference,IS 5831:1984,IS 7098 (Part 1):1988#2.1.5,0.85,5 Outer Sheath - Shall be of polyviny choride (PVC) compound conforming to the requirements of type ST 2 compound of IS 5831 : 1984*.
IS 7098 (Part 1):1988,normative_reference,IS 8130:1984,IS 7098 (Part 1):1988#2.1.1,0.85,1 Conductor - Shall be composed of plain copper or aluminium wires complying with IS 8130: 1984+.
IS 712:1984,test_method,IS 1514:1990,IS 712:1984#12,0.98,"Note— For methods of tests, refer to IS 1514: 1990 Methods of sampling and test for quick lime and hydrated lime ( first revision) and revelant parts of IS 6932: 1973 M"
IS 712:1984,test_method,IS 6932:1973,IS 712:1984#12,0.98,IS 1514: 1990 Methods of sampling and test for quick lime and hydrated lime ( first revision) and revelant parts of IS 6932: 1973 Methods of test for building limes.
IS 7193:1974,test_method,IS 13826:1993,IS 7193:1974#5,0.98,"es shall show no sign of melting of bitumen compound vi) Water absorption 2 percent Note— For test procedures, refer to IS 13826 : 1993 Methods of test for bitumen based felts: (Part 1) Breaking strength test."
IS 7226:1974,test_method,IS 1586:1988,IS 7226:1974#3,0.98,Hardness Test - When subjected to Rockwell hardness test in accordance with IS 1586 : 1988* or IS 5072 : 1988+ shall conform to the requie ments given below :
IS 7226:1974,test_method,IS 5072:1988,IS 7226:1974#3,0.95,Hardness Test - When subjected to Rockwell hardness test in accordance with IS 1586 : 1988* or IS 5072 : 1988+ shall conform to the requie ments given below :
IS 7308:1999,installation,IS 1141:1993,IS 7308:1999#7,0.85,End Coating — Shall be adequately coated up to a distance of at least 15 cm with any of the materials mentioned in IS 1141 : 1993*.
IS 730:1978,normative_reference,IS 1367,IS 730:1978#7.2,0.75,"Note - In regard to requirements not covered in the standard, including grade and mechanical properties refer to IS 1367 Technical supply conditions for threaded fasteners."
IS 730:1978,normative_reference,IS 1367 (Part 2),IS 730:1978#4,0.75,Grade - Product grade C according to IS : 1367 (Part 2) Technical supply conditions for thneaded steel fasteners : Part 2 product grades and toleraqnces (second revision).
IS 730:1978,normative_reference,IS 2585:1968,IS 730:1978#7.2,0.85,2 The square nuts used with bolts shall conform to IS 2585 : 1968†.
IS 730:1978,normative_reference,IS 4218,IS 730:1978#7.2,0.85,Note 3- The screw threads on the hook bolts shall conform to tolerance class as specified in IS 4218 : (Part 4) ISO metric screw threads - Part IV Tolerence systems (first revision).
IS 7316:1974,test_method,IS 1734 (Part 1),IS 7316:1974#7.2,0.92,2 Water Resistance Test - Shall not show delamination or blister formation Note — For method of test refer to the standard and IS1734 (Part 1) 1983 Method tests for plywood Part 1 Determination of density and moisture content (second revision).
IS 7316:1974,related_product,IS 303:1989,IS 7316:1974#2.1,0.85,1 Timber - Shall be according to IS 303 : 1989*.
IS 7319:1974,test_method,IS 3597:1998,IS 7319:1974#10,0.98,"Note — For methods of tests, refer to IS 456: 2000 Code of practice for plain and reinforced concrete (fourth revision) and IS 3597 : 1998 Methods of test for concrete pipes (second revision)."
IS 7319:1974,test_method,IS 456:2000,IS 7319:1974#10,0.95,"Note — For methods of tests, refer to IS 456: 2000 Code of practice for plain and reinforced concrete (fourth revision) and IS 3597 : 1998 Methods of test for concrete p"
IS 7322:1985,normative_reference,IS 1916:1989,IS 7322:1985#1,0.85,ods of tests for steel cylinder reinforced concrete specials for steel cylinder reinforced concrete pipes conforming to IS 1916 : 1989* having nominal internal diameter from 200 to 1800mm.
IS 7322:1985,related_product,IS 1916:1989,IS 7322:1985#2,0.85,Classification — Special shall have the same classification as for steel cylinder reinforced concrete pipes given in 2 of IS 1916:1989*.
IS 7322:1985,normative_reference,IS 3658:1999,IS 7322:1985#5.3,0.85,3 Dye- Penetration Test — This test shall be done in accordance with IS 3658 : 1999† † Code of practice for liquid penetrant flaw detection (second revision)
IS 733:1983,normative_reference,IS 3965:1981,IS 733:1983#3,0.75,Dimensions and Tolerances - Shall be as laid in IS 3965 : 1981.
IS 736:1986,normative_reference,IS 2677:1979,IS 736:1986#3,0.85,Dimensions and Tolerances - Shall be as specified in IS 2677 : 1979.
IS 737:1986,normative_reference,IS 2676:1981,IS 737:1986#3,0.75,Dimensions and Tolerances - See IS 2676 : 1981* and IS 2677 : 1979.
IS 737:1986,normative_reference,IS 2677:1979,IS 737:1986#3,0.75,Dimensions and Tolerances - See IS 2676 : 1981* and IS 2677 : 1979.
IS 738:1994,normative_reference,IS 2678:1987,IS 738:1994#3,0.75,Dimensions and Tolerances - As given in IS 2678 : 1987.
IS 739:1992,normative_reference,IS 2525:1982,IS 739:1992#3,0.75,Dimensions and Tolerances - Shall given in IS 2525 : 1982.
IS 740:1977,related_product,IS 3577:1992,IS 740:1977#3,0.85,Dimensions and Tolerances - As given in IS 3577 : 1992.
IS 7509:1993,test_method,IS 3346:1980,IS 7509:1993#2,0.98,"20 Note - For methods of tests, refer to IS 3346 : 1980 Method for determination of thermal conductivity of thermal insulation materials (two slab, guarded hot - plate method)"
IS 7509:1993,test_method,IS 5724:1970,IS 7509:1993#2,0.98,"ination of thermal conductivity of thermal insulation materials (two slab, guarded hot - plate method) (first revision) IS 5724 : 1970 Method of tests for thermal insulation cements; and IS 9490 : 1980 Method for determination of thermal conductivity of"
IS 7509:1993,test_method,IS 9490:1980,IS 7509:1993#2,0.98,"o slab, guarded hot - plate method) (first revision) IS 5724 : 1970 Method of tests for thermal insulation cements; and IS 9490 : 1980 Method for determination of thermal conductivity of insulation material (water calorimeter method) For detailed informa"
IS 771 (PART 3/SEC 1):1979,same_family_part,IS 771 (Part 3/ Sec 1):1979,IS 771 (PART 3/SEC 1):1979#1,0.95,"1 SLAB URINALS (Second Revision) For detailed information, refer to IS : 771 (Part3/ Sec 1) : 1979 Specification for glazed fire-clay sanitary appliances, Part 3 Specific requirements of urinals, Section 1 Slab urinals (second revision)."
IS 771(PART 3/ SEC 2):1985,same_family_part,IS 771 (Part 3),IS 771(PART 3/ SEC 2):1985#2.2,0.95,"2 Type and Size Note— For details of dimensions and tolerances see Table 2 of the standard For detailed information, refer to IS 771 (Part 3/ Sec."
IS 773:1988,normative_reference,IS 772:1973,IS 773:1988#3,0.85,Note 1— These shall conform to the requirement of IS 772 : 1973 General requirement of enamelled cast iron sanitary appliances.
IS 779:1994,test_method,IS 6784:1996,IS 779:1994#8.1,0.98,"exclusive) b)In the upper region of flow, ± 2% Qt (inclusive) to Qmax (inclusive) Note: For methods of tests, refer to IS 6784 :1996 Method of performance testing of water meters(domestic type) (second revision) For detailed information, refer to IS"
IS 7834 (Part 2):1987,same_family_part,IS 7834 (Part 1):1987,IS 7834 (Part 2):1987#2.2,0.95,2 The inside diameter of the socket and the socket length shall comply with those given in IS 7834 (Part 1) : 1987* .
IS 7834 (Part 3):1987,same_family_part,IS 7834 (Part 1):1987,IS 7834 (Part 3):1987#2.2,0.95,2 The inside diameter of the socket and the socket length shall comply with those given in IS 7834 (Part 1) :1987.
IS 7834 (Part 4):1987,same_family_part,IS 7834 (Part 1):1987,IS 7834 (Part 4):1987#2.2,0.95,2 The inside diameter of the socket and the socket length shall comply with those given in IS 7834 (Part 1) :1987.
IS 7834 (Part 5):1987,same_family_part,IS 7834 (Part 1):1987,IS 7834 (Part 5):1987#2.2,0.95,2 The inside diameter of the socket and the socket length shall comply with those given in IS 7834 (PART 1) :1987.
IS 7834 (Part 6):1987,same_family_part,IS 7834 (Part 1):1987,IS 7834 (Part 6):1987#2.2,0.95,"2 The inside diameter of the socket, the socket length and the tolerance thereon shall comply with those given in IS 7834 (Part 1) : 1987+."
IS 7834 (Part 7):1987,same_family_part,IS 7834 (Part 1):1987,IS 7834 (Part 7):1987#2.2,0.95,2 The inside diameter of the socket and the length shall comply with those given in IS 7834 (Part 1):1987*
IS 7834 (Part 8):1987,same_family_part,IS 7834 (Part 1),IS 7834 (Part 8):1987#1,0.95,"Note— For General requirements,refer to IS 7834 (Part 1) 1987."
IS 784:2001,related_product,IS 1784:2001,IS 784:2001#5.3,0.85,"For detailed information, refer to IS 1784 : 2001 Specification for Prestressed concrete pipes (including specials) (second revision)."
IS 784:2001,related_product,IS 1916:1989,IS 784:2001#5.3,0.85,SUMMARY IS 1916 : 1989 STEEL CYLINDER PIPES WITH CONCRETE LINING AND COATING (First Revision) 4.
IS 784:2001,related_product,IS 1916:1989,IS 784:2001#6.1,0.85,"For detailed information, refer to IS 1916 : 1989 Specification for steel cylinder pipes with concrete lining and coating (first revision)."
IS 784:2001,normative_reference,IS 3597,IS 784:2001#5.2,0.85,2 Permeability Test — The permeability test when conducted in accordance with the method described in IS 3597 shall meet the requirement of final permeability.
IS 784:2001,test_method,IS 3597:1998,IS 784:2001#5.3,0.98,"Note — For methods of tests and test details, refer to the standard and IS 3597 : 1998 ."
IS 8008 (Part 1):2003,test_method,IS 4984:1995,IS 8008 (Part 1):2003#1,0.95,"erials, manufacture, methods of test and inspection and marking of all types of injection moulded HDPE pipes covered by IS 4984:1995* for potable water supplies."
IS 8008 (Part 1):2003,normative_reference,IS 4984:1995,IS 8008 (Part 1):2003#14,0.85,2 Ovality —Shall conform to Table 2 of IS 4984 : 1995 *High density polyethylene pipes for potable water supply (fourth revision) SUMMARY OF IS 8008 (PART 1) : 2003 INJECTI
IS 8008 (Part 1):2003,related_product,IS 4984:1995,IS 8008 (Part 1):2003#14,0.85,B and C of IS 4984:1995.
IS 8008 (Part 1):2003,related_product,IS 4984:1995,IS 8008 (Part 1):2003#3,0.85,"ll be designated by their outside diameters at free ends, which shall correspond to outside diameters of pipes given in IS 4984 :1995."
IS 8008 (Part 1):2003,normative_reference,IS 4984:1995,IS 8008 (Part 1):2003#3,0.85,Out side diameters and corresponding wall thickness of fittings at free ends for weld shall comply with those given in IS 4984 :1995
IS 8008 (Part 2):2003,same_family_part,IS 8008 (Part 1):2003,IS 8008 (Part 2):2003#2.1,0.95,"2 32 50 ± 2 40 60 ± 2 Note — For general requirements regarding material, manufacture, methods of test, etc, refer to IS 8008 (Part 1) : 2003 injection moulded high density polyethylene (HDPE) fittings for portable water supplies: Part I general requirements, for fittings."
IS 8008 (Part 2):2003,same_family_part,IS 8008 (Part 1):2003,IS 8008 (Part 2):2003#2.2,0.95,2 Outside diameters and wall thicknesses at ends for welding shall comply ith the requirements given in IS 8008 (Part I) : 2003.
IS 8008 (Part 3):2003,same_family_part,IS 8008 (Part 1):2003,IS 8008 (Part 3):2003#2.2,0.95,2 Outside diameter and wall thickness at ends for welding shall be in accordance with IS 8008 (Part 1) : 2003.
IS 8008 (Part 4):2003,same_family_part,IS 8008,IS 8008 (Part 4):2003#2.2,0.95,"on shall be as follows: Note — For general requirements regarding material, manufacture, methods of test, etc, refer to IS 8008 (Part-1):2003."
IS 8008 (Part 4):2003,same_family_part,IS 8008 (Part 1):2003,IS 8008 (Part 4):2003#2.3,0.95,3 Outside diameter and wall thickness at ends for welding shall be in accordance with IS 8008 (Part 1) : 2003.
IS 8008 (Part 5):2003,same_family_part,IS 8008 (Part 1):2003,IS 8008 (Part 5):2003#2.2,0.95,2 Outside diameter and wall thickness of straight pipe portion at reducer end shall comply with the requirements given in IS 8008 (Part 1) : 2003.
IS 8008 (Part 6):2003,same_family_part,IS 8008 (Part 1):2003,IS 8008 (Part 6):2003#1.1,0.95,"PE ENDS (First Revision) Note —For general requirements regarding material, manufacture, methods of test, etc, refer to IS 8008 (Part 1) : 2003."
IS 8008 (Part 6):2003,same_family_part,IS 8008 (Part 1):2003,IS 8008 (Part 6):2003#2.1,0.95,Note 2 — Outside diameter and wall thickness of the end to be welded to pipe shall complywith the requirements given in IS 8008 (Part 1) : 2003.
IS 8008 (Part 7):2003,same_family_part,IS 8008 (Part 1):2003,IS 8008 (Part 7):2003#1,0.95,"HDFE sandwich flanges Note — For general requirements regarding material, manufacture, methods of test, etc, refer to IS 8008 (Part I ) :2003 Injection moulded high density polyethylene (HDPE) fittings for potable water supplies : Part 1 General requirements, for fittings."
IS 8033:1976,normative_reference,IS 5369,IS 8033:1976#2,0.75,Grade - Ordinary grade as specified in IS 5369
IS 8033:1976,normative_reference,IS 5369,IS 8033:1976#4,0.85,ote 1—Dimensional tolerances as well as tolerances for form and position shall conform to those of ordinary washers of IS 5369.
IS 8033:1976,normative_reference,IS 5369,IS 8033:1976#4,0.75,"Note 2— In regard to requirements not covered, refer to IS 5369."
IS 8041:1990,related_product,IS 269:1989,IS 8041:1990#2,0.85,Chemical Requirment — Shall be as laid down in IS 269:1989*.
IS 8041:1990,test_method,IS 4031,IS 8041:1990#4,0.98,"Note — For methods of tests, refer to relevant parts of IS 4031 Methods of physical tests for hydraulic cement, and IS 4032:1985 Method of chemical analysis of hydraulic cement."
IS 8041:1990,test_method,IS 4032:1985,IS 8041:1990#4,0.98,"Note — For methods of tests, refer to relevant parts of IS 4031 Methods of physical tests for hydraulic cement, and IS 4032:1985 Method of chemical analysis of hydraulic cement."
IS 8042:1989,related_product,IS 269:1989,IS 8042:1989#3,0.85,Physical Requirements — Physical requirements of white portland cement shall be as laid down in IS 269: 1989* except that compressive strength of mortar SUMMARY OF IS 8042 : 1989 WHITE PORTLAND CEMENT (Second Revision) prepare
IS 8042:1989,test_method,IS 4031,IS 8042:1989#5,0.98,"5 percent sulphuric anhydride (SO3), percent by mass Note —For methods of tests, refer to relevant parts of IS 4031 Methods of physical tests for hydraulic cement and IS 4032:1985 Methods of chemical analysis of hydraulic cement."
IS 8042:1989,test_method,IS 4032:1985,IS 8042:1989#5,0.98,"mass Note —For methods of tests, refer to relevant parts of IS 4031 Methods of physical tests for hydraulic cement and IS 4032:1985 Methods of chemical analysis of hydraulic cement."
IS 8043:1991,related_product,IS 269:1989,IS 8043:1991#2,0.85,Chemical Requirements—The chemical requirements hydrophobic cement shall be as laid in IS 269:1989*.
IS 8043:1991,related_product,IS 269:1989,IS 8043:1991#3.2,0.85,2Soundness and Setting Time — Shall be as laid down IS 269:1989.
IS 809:1992,related_product,IS 12027:1987,IS 809:1992#5.4,0.85,12 IS 12027 : 1987 Silicone-based water repellents.
IS 809:1992,related_product,IS 1322:1993,IS 809:1992#5.4,0.85,SECTION 9 WATERPROOFING AND DAMP - PROOFING MATERIALS CONTENTS Title Page IS 1322 : 1993 Bitumen felts for water-proofing and damp-proofing (fourth revision) 9.
IS 809:1992,related_product,IS 14695:1999,IS 809:1992#5.4,0.85,13 IS 14695 : 1999 Glass fibre base coal tar pitch outer wraps 9.
IS 809:1992,related_product,IS 1580:1991,IS 809:1992#5.4,0.85,3 IS 1580 :1991 Bituminous compounds for water-proofing and caulking purposes 9.
IS 809:1992,related_product,IS 2645:2003,IS 809:1992#5.4,0.85,6 (second revision) IS 2645 : 2003 Integral cement water-proofing compounds (second revision) 9.
IS 809:1992,normative_reference,IS 2818 (Part 2):1971,IS 809:1992#2.2,0.85,The hessian used shall conform to Type II hessian as specified in IS 2818 (Part 2) : 1971.
IS 809:1992,related_product,IS 3037:1986,IS 809:1992#5.4,0.85,7 IS 3037 : 1986 Bitumen mastic for use in water-proofing of roofs (first revision) 9.
IS 809:1992,related_product,IS 3384:1986,IS 809:1992#5.4,0.85,8 IS 3384 : 1986 Bitumen primer for use in water-proofing and damp proofing (first revision) 9.
IS 809:1992,test_method,IS 3400,IS 809:1992#5.4,0.98,16 percent contact regain (first revision) Note: For methods of tests refer to Appendices B to F of the standard and IS 3400.
IS 809:1992,related_product,IS 5871:1987,IS 809:1992#5.4,0.85,10 IS 5871 : 1987 Bitumen mastic for tanking and damp proofing (first revision) 9.
IS 809:1992,related_product,IS 7193:1994,IS 809:1992#5.4,0.85,11 IS 7193 : 1994 Glass fibre base bitumen felts.
IS 8112:1989,test_method,IS 4031,IS 8112:1989#4,0.98,"Note 2 — For methods of tests, refer to relevant parts of IS 4031 Methods of physical tests for hydraulic cement and IS 4032:1985 Methods of chemical analysis of hydraulic cement."
IS 8112:1989,test_method,IS 4032:1985,IS 8112:1989#4,0.98,"Note 2 — For methods of tests, refer to relevant parts of IS 4031 Methods of physical tests for hydraulic cement and IS 4032:1985 Methods of chemical analysis of hydraulic cement."
IS 811:1987,related_product,IS 1079:1994,IS 811:1987#3,0.9,"Materials - Sheet and strip used for making the cold-formed sections shall conform to IS 1079 : 1994* Sheet and strip conforming to IS 513: 1994+ may also be used for sections where load bearing is not a design criteria,"
IS 811:1987,safety,IS 4180:1967,IS 811:1987#6,0.9,Corrosion Protection - Corrosion protection of cold formed light gauge steel sections shall be carried out in accordance with IS 4180 : 1967.
IS 811:1987,safety,IS 4777:1968,IS 811:1987#6,0.9,The performance tests for protective scheme in the protection of these sections against corrosion shall conform to IS 4777 : 1968.
IS 811:1987,related_product,IS 513:1994,IS 811:1987#3,0.9,"Materials - Sheet and strip used for making the cold-formed sections shall conform to IS 1079 : 1994* Sheet and strip conforming to IS 513: 1994+ may also be used for sections where load bearing is not a design criteria, for examle, false ceiling, sections for fr"
IS 814:2004,test_method,IS 13043,IS 814:2004#2.1.2,0.92,"d electrodes b) Letters J, K and L indicating increased metal recovery as effective electrode: 'Efficiency (EE)' as per IS 13043 in the following range J = 110 - 129 percent; K = 130 - 149 percent; and L = 150 percent and above."
IS 814:2004,related_product,IS 1395,IS 814:2004#1.1,0.85,"Notes - For weld metal with tensile strength higher than 610 MPa, a reference may be made to IS 1395*."
IS 814:2004,normative_reference,IS 2879,IS 814:2004#9,0.85,Core Wire - Shall conform to IS 2879*.
IS 8154:1993,test_method,IS 3846:1980,IS 8154:1993#2.9.2.3,0.95,"it standard pipes of external dia up to 219 mm Note - For method of tests, refer to Appendices A and B of the standard, IS 3846 : 1980 Methods for determination of thermal conductivity of thermal insulation materials (two slab, guarded hot-plate method)"
IS 8154:1993,test_method,IS 5688:1982,IS 8154:1993#2.9.2.3,0.98,"ination of thermal conductivity of thermal insulation materials (two slab, guarded hot-plate method) (first revision), IS 5688 : 1982 Methods of test for preformed block-type and pipe covering type thermal insulation (first revision), IS 5724 : 1970 Me"
IS 8154:1993,test_method,IS 5724:1970,IS 8154:1993#2.9.2.3,0.98,"), IS 5688 : 1982 Methods of test for preformed block-type and pipe covering type thermal insulation (first revision), IS 5724 : 1970 Method of test for thermal insulating cement, and IS 9490 : 1980 Method for determination of thermal conductivities of"
IS 8154:1993,test_method,IS 9490:1980,IS 8154:1993#2.9.2.3,0.98,"pe covering type thermal insulation (first revision), IS 5724 : 1970 Method of test for thermal insulating cement, and IS 9490 : 1980 Method for determination of thermal conductivities of insulating materials (water calorimeter method) For detailed inf"
IS 8183:1993,test_method,IS 3144,IS 8183:1993#5,0.92,When determined by the method prescribed in 19 of IS 3144.
IS 8183:1993,test_method,IS 3144:1992,IS 8183:1993#5,0.98,"Note - For method of tests, refer to Appendices A and B of the standard, IS 3144 : 1992 Mineral wool thermal insulation materials-Methods of tests (second revision) and IS 3346 : 1980 Method of determination"
IS 8183:1993,test_method,IS 3149,IS 8183:1993#4,0.95,When tested in accordance with the method prescribed in 9 of IS 3149 except that nominal / specified thickness shall be used for calculating the bank density.
IS 8183:1993,normative_reference,IS 3346,IS 8183:1993#5,0.85,the material shall not exceed the values given below when determined in accordance with the method presscribed in 11 of IS 3346.
IS 8183:1993,test_method,IS 3346:1980,IS 8183:1993#5,0.98,"and B of the standard, IS 3144 : 1992 Mineral wool thermal insulation materials-Methods of tests (second revision) and IS 3346 : 1980 Method of determination of thermal conductivity of thermal insulating materials (two slab guarded hot plate method) (first revision)."
IS 8272:1984,normative_reference,IS 10394:1982,IS 8272:1984#3.3,0.88,24 IS 10394 : 1982 Wooden sleepers for railway track 6.
IS 8272:1984,normative_reference,IS 12896:1990,IS 8272:1984#3.3,0.88,3 IS : 12896 : 1990 Indian timber for door and window shutters and frames—Classification 6.
IS 8272:1984,normative_reference,IS 1326:1992,IS 8272:1984#3.3,0.88,8 IS 1326 : 1992 Non-coniferous sawn timber (baulks and scantling) (second revision) 6.
IS 8272:1984,normative_reference,IS 1331:1971,IS 8272:1984#3.3,0.88,10 IS 1331 : 1971 Cut sizes of timber (second revision) 6.
IS 8272:1984,normative_reference,IS 190:1991,IS 8272:1984#3.3,0.88,5 CONVERSION AND GRADING IS 190 : 1991 Coniferous sawn timber (baulks and scantling) (fourth revision) 6.
IS 8272:1984,normative_reference,IS 2372:2004,IS 8272:1984#3.3,0.88,11 IS 2372 : 2004 Timber for cooling towers (Second revision) 6.
IS 8272:1984,normative_reference,IS 3337:1978,IS 8272:1984#3.3,0.88,13 IS 3337 : 1978 Ballies for general purposes (first revision) 6.
IS 8272:1984,normative_reference,IS 3629:1986,IS 8272:1984#3.3,0.88,14 IS 3629 : 1986 Structural timber in buildings (first revision) 6.
IS 8272:1984,normative_reference,IS 3731:1985,IS 8272:1984#3.3,0.88,15 IS 3731: 1985 Teak squares (first revision) 6.
IS 8272:1984,normative_reference,IS 399:1963,IS 8272:1984#3.3,0.88,O H CaSO 2 4 2 1 ο SECTION 6 TIMBER CONTENTS Title Page TIMBER CLASSIFICATION IS 399 : 1963 Classification of commercial timber and their zonal distribution(revised) 6.
IS 8272:1984,normative_reference,IS 4891:1988,IS 8272:1984#3.3,0.88,17 IS 4891 : 1988 Preferred cut sizes of sturctral timber (first revision) 6.
IS 8272:1984,normative_reference,IS 4895:1985,IS 8272:1984#3.3,0.88,18 IS 4895 : 1985 Teak logs (first revision) 6.
IS 8272:1984,normative_reference,IS 5246:2000,IS 8272:1984#3.3,0.88,20 IS 5246 : 2000 Coniferous logs (first revision) 6.
IS 8272:1984,normative_reference,IS 6056:1970,IS 8272:1984#3.3,0.88,21 IS 6056 : 1970 Jointed wood poles for over head power and telecommunication lines 6.
IS 8272:1984,normative_reference,IS 7308:1999,IS 8272:1984#3.3,0.88,22 IS 7308 : 1999 Non-coniferous logs (first revision) 6.
IS 8272:1984,test_method,IS 8273:1984,IS 8272:1984#1,0.95,d the methods of sampling and tests for calcined gypsum plaster used in manufacturing fibrous plaster boards covered in IS 8273:1984*.
IS 8272:1984,normative_reference,IS 876:1992,IS 8272:1984#3.3,0.88,7 IS 876 : 1992 Wood poles for overhead power and telecommunication lines (third revision) 6.
IS 8329:2000,normative_reference,IS 13382:1992,IS 8329:2000#1,0.85,"Fittings conforming to IS 13382 : 1992* may also be used with ductile iron pipes, when the pressure requirements matches."
IS 8329:2000,related_product,IS 5382:1985,IS 8329:2000#4,0.85,"Rubber Gasket — As per IS 5382 : 1985 for push on joints and mechanical joints, and as per IS 638: 1979 for flanged joints."
IS 8329:2000,related_product,IS 638:1979,IS 8329:2000#4,0.85,"Rubber Gasket — As per IS 5382 : 1985 for push on joints and mechanical joints, and as per IS 638: 1979 for flanged joints."
IS 8329:2000,related_product,IS 9523,IS 8329:2000#1,0.85,A separate standard IS : 9523 covers the specification on such fittings.
IS 8360 (Part 1):1977,related_product,IS 4984:1995,IS 8360 (Part 1):1977#1,0.85,"rements, sampling and marking of all types of fabricated HDPE fittings intended for connection to HDPE pipes covered by IS 4984 :1995* for potable water supplies."
IS 8360 (Part 1):1977,normative_reference,IS 4984:1995,IS 8360 (Part 1):1977#2.1,0.85,1 Pipes used for the fabrication of HDPE fittings for potable water supplies shall conform to IS 4984 : 1995.
IS 8360 (Part 1):1977,related_product,IS 4984:1995,IS 8360 (Part 1):1977#3.1,0.85,POLYETHYLENE (HDPE) FITTINGS FOR POTABLE WATER SUPPLIES PART 1 GENERAL REQUIREMENTS outside diameters of pipes given in IS 4984 : 1995.
IS 8360 (Part 1):1977,normative_reference,IS 4984:1995,IS 8360 (Part 1):1977#3.1,0.85,Outside diameters and corresponding wall thickness of fittings at free ends for weld shall comply with those given in Table 1 of IS 4984 : 1995
IS 8360 (Part 2):1977,same_family_part,IS 8360 (Part 1):1977,IS 8360 (Part 2):1977#2.1,0.95,"Note—For general requirements regarding material, sizes, method of test and sampling refer to IS 8360 (Part 1) : 1977 Fabricated high density polyethylene (HDPE) fittings for portable water supplies : Part 1 General requirements."
IS 8360 (Part 2):1977,same_family_part,IS 8360 (Part 1):1977,IS 8360 (Part 2):1977#2.2,0.95,2 Ouside diameters and wall thickness of pipes out of which 90° tees are fabricated shall comply with those givenin IS 8360 (Part 1) :1977.
IS 8360 (Part 3):1977,same_family_part,IS 8360 (Part 1):1977,IS 8360 (Part 3):1977#2.1,0.95,"QUIREMENTS FOR 90° BENDS Note—For general requirements regarding material, sizes, methods of test and sampling refer to IS : 8360 (Part 1) :1977."
IS 8360 (Part 3):1977,same_family_part,IS 8360 (Part 1):1977,IS 8360 (Part 3):1977#2.2,0.95,2 Outside diameters and wall thicknesses of pipes out of which 90° bends are fabricated shall comply with those given in IS 8360 (Part 1) : 1977.
IS 8363:1976,related_product,IS 10238:2001,IS 8363:1976#4,0.85,49 IS 10238 : 2001 Step bolts for steel structures 19.
IS 8363:1976,related_product,IS 1120:1975,IS 8363:1976#4,0.85,8 IS 1120 : 1975 Coach screws (first revision) 19.
IS 8363:1976,related_product,IS 12427:2001,IS 8363:1976#4,0.85,50 IS 12427 : 2001 Transmission tower bolts 19.
IS 8363:1976,related_product,IS 1363:2002,IS 8363:1976#4,0.85,9 IS 1363 : 2002 Hexagon head bolts screws and nuts of product grade C Part 1 hexagon head bolts (size range M5 to M64) (third revision) 19.
IS 8363:1976,related_product,IS 1364:2002,IS 8363:1976#4,0.85,"12 IS 1364 : 2002 Hexagon head bolts, screws and nuts of product grades A and B Part 1 hexagon head bolts, (size range M1."
IS 8363:1976,related_product,IS 1365:1978,IS 8363:1976#4,0.85,17 IS 1365 : 1978 Slotted countersunk head screws (third revision) 19.
IS 8363:1976,related_product,IS 1366:2002,IS 8363:1976#4,0.85,18 IS 1366 : 2002 Slotted cheese head screws (third revision) 19.
IS 8363:1976,related_product,IS 1929:1982,IS 8363:1976#4,0.85,19 IS 1929 : 1982 Hot forged steel rivets for hot closing (12 to 36 mm diameter)(first revision) 19.
IS 8363:1976,related_product,IS 2016:1967,IS 8363:1976#4,0.85,20 IS 2016 : 1967 Plain washers (first revision) 19.
IS 8363:1976,related_product,IS 207:1964,IS 8363:1976#4,0.85,SECTION 19 THREADED FASTENERS AND RIVETS CONTENTS Title Page IS 207 : 1964 Gate and shutter hooks eyes (first revision) 19.
IS 8363:1976,related_product,IS 2155:1982,IS 8363:1976#4,0.85,21 IS 2155 : 1982 Cold forged solid steel rivets for hot closing (6 to 16 mm diameter) (first revision) 19.
IS 8363:1976,related_product,IS 2585:1968,IS 8363:1976#4,0.85,23 IS 2585 : 1968 Black square bolts and nuts (dia range 6 to 39 mm) and black square screws (dia range 6 to 24 mm) (first revision) 19.
IS 8363:1976,related_product,IS 2687:1991,IS 8363:1976#4,0.85,24 IS 2687 : 1991 Cap nuts (second revision) 19.
IS 8363:1976,related_product,IS 2907:1998,IS 8363:1976#4,0.85,25 IS 2907 : 1998 Non-Ferrous rivets (1.
IS 8363:1976,normative_reference,IS 2998:1982,IS 8363:1976#4,0.75,26 IS 2998 : 1982 Cold forged steel rivets for cold closing (1 to 16 mm diameter) (first revision) 19.
IS 8363:1976,related_product,IS 3063:1994,IS 8363:1976#4,0.85,27 IS 3063 : 1994 Fasteners-single coil rectangular section spring lock washers(second revision) 19.
IS 8363:1976,related_product,IS 3121:1989,IS 8363:1976#4,0.85,28 IS 3121 : 1989 Rigging screws and stretching screws (first revision) 19.
IS 8363:1976,related_product,IS 3468:1991,IS 8363:1976#4,0.85,29 IS 3468 : 1991 Pipe nuts (second revision) 19.
IS 8363:1976,related_product,IS 3757:1985,IS 8363:1976#4,0.85,30 IS 3757 : 1985 High strength structural bolts (Second revision) 19.
IS 8363:1976,normative_reference,IS 4762:1984,IS 8363:1976#4,0.75,31 IS 4762 : 1984 Worm drive hose clamps for general purposes (first revision) 19.
IS 8363:1976,normative_reference,IS 5369:1975,IS 8363:1976#4,0.75,32 IS 5369 : 1975 General requirements for plain washers and lock washers (first revision) 19.
IS 8363:1976,related_product,IS 5372:1975,IS 8363:1976#4,0.85,33 Title Page IS 5372 : 1975 Taper washers for channels (ISMC) (first revision) 19.
IS 8363:1976,related_product,IS 5373:1969,IS 8363:1976#4,0.85,34 IS 5373 : 1969 Square washers for wood fastening 19.
IS 8363:1976,related_product,IS 5374:1975,IS 8363:1976#4,0.85,35 IS 5374 : 1975 Taper washers for I-Beams (ISMB) (first revision) 19.
IS 8363:1976,related_product,IS 5624:1993,IS 8363:1976#4,0.85,36 IS 5624 : 1993 Foundation bolts (first revision) 19.
IS 8363:1976,related_product,IS 6113:1970,IS 8363:1976#4,0.85,37 IS 6113 : 1970 Aluminium fasteners for building purposes 19.
IS 8363:1976,related_product,IS 6610:1972,IS 8363:1976#4,0.85,38 IS 6610 : 1972 Heavy washers for steel structures 19.
IS 8363:1976,related_product,IS 6623:2004,IS 8363:1976#4,0.85,39 IS 6623 : 2004 High strength structural nuts (first revision) 19.
IS 8363:1976,related_product,IS 6639:1972,IS 8363:1976#4,0.85,40 IS 6639 : 1972 Hexagonal bolts for steel structures 19.
IS 8363:1976,related_product,IS 6649:1985,IS 8363:1976#4,0.85,41 IS 6649 : 1985 Hardened and tempered washers for high strength structural bolts and nuts (first revision) 19.
IS 8363:1976,related_product,IS 6733:1972,IS 8363:1976#4,0.85,42 IS 6733 : 1972 Wall and roofing nails 19.
IS 8363:1976,related_product,IS 6736:1972,IS 8363:1976#4,0.85,43 IS 6736 : 1972 Slotted raised countersunk head wood screws 19.
IS 8363:1976,related_product,IS 6739:1972,IS 8363:1976#4,0.85,44 IS 6739 : 1972 Slotted round head wood screws 19.
IS 8363:1976,normative_reference,IS 6760:1972,IS 8363:1976#4,0.75,45 IS 6760 : 1972 Slotted countersunk head wood screws 19.
IS 8363:1976,related_product,IS 723:1972,IS 8363:1976#4,0.85,4 IS 723 : 1972 Steel countersunk head wire nails (second revision) 19.
IS 8363:1976,related_product,IS 724:1964,IS 8363:1976#4,0.85,5 IS 724 : 1964 Mild steel and brass cup ruler and square hooks and screw eyes (first revision) 19.
IS 8363:1976,related_product,IS 725:1961,IS 8363:1976#4,0.85,6 IS 725 : 1961 Copper wire nails (revised) 19.
IS 8363:1976,related_product,IS 730:1978,IS 8363:1976#4,0.85,7 IS 730 : 1978 Hook bolts for corrugated sheet roofing (second revision) 19.
IS 8363:1976,related_product,IS 8033:1976,IS 8363:1976#4,0.85,46 IS 8033 : 1976 Round washers with square hole for wood fastenings 19.
IS 8363:1976,related_product,IS 8412:1977,IS 8363:1976#4,0.85,47 IS 8412 : 1977 Slotted countersunk head bolts for steel structures 19.
IS 8363:1976,related_product,IS 8869:1978,IS 8363:1976#4,0.85,48 IS 8869 : 1978 Washers for corrugated sheet roofing 19.
IS 8374:1977,test_method,IS 1203:1978,IS 8374:1977#5.2,0.98,"Note— for methods of tests for bitumen, refer to: IS 1203:1978 Determination of penetration."
IS 8374:1977,test_method,IS 1203:1978,IS 8374:1977#5.2,0.98,"Note 2— For methods of tests for bitumen, refer to: IS 1203:1978 Determination of penetration."
IS 8374:1977,test_method,IS 1205:1978,IS 8374:1977#5.2,0.92,IS 1205:1978 Determination of softening point.
IS 8374:1977,test_method,IS 1205:1978,IS 8374:1977#5.2,0.92,IS 1205:1978 Determination of softening point.
IS 8374:1977,test_method,IS 1208:1978,IS 8374:1977#5.2,0.92,IS 1208:1978 Determination of ductility.
IS 8374:1977,test_method,IS 1212:1978,IS 8374:1977#5.2,0.92,IS 1212:1978 Determination of loss on heating.
IS 8374:1977,test_method,IS 1212:1978,IS 8374:1977#5.2,0.92,IS 1212:1978 Determination of loss on heating.
IS 8374:1977,test_method,IS 1216:1978,IS 8374:1977#5.2,0.92,IS 1216:1978 Determination of solubility in carbon disulphide trichloroethylene.
IS 8374:1977,test_method,IS 1216:1978,IS 8374:1977#5.2,0.92,IS 1216:1978 Determination of solubility in Carbon disulphide trichloroethylene.
IS 8374:1977,related_product,IS 12583:1988,IS 8374:1977#5.2,0.85,"SUMMARY OF IS 12583 : 1988 CORRUGATED BITMEN ROOFING SHEETS ± ± ± ± ± ± ± ± ± ± Note: For methods of tests, refer to Appendices A to K of the standard."
IS 8374:1977,related_product,IS 12583:1988,IS 8374:1977#5.2,0.85,"For detailed information, refer to IS 12583 :1988 Specification for corrugated bitumen roofing sheets."
IS 8374:1977,normative_reference,IS 383:1970,IS 8374:1977#5.2,0.85,3 Coarse Aggregates— Coarse aggregates when used shall conform to IS 383:1970* and shall consist of either crushed siliceous stones or any approved aggregates free from foreign material.
IS 8374:1977,normative_reference,IS 702:1988,IS 8374:1977#3.1,0.85,"3 v) Solubility in CS 2, percent, Min 99 Note —Industrial bitumen of the grades 90/15 and 75/15 conforming to IS 702:1988 'Specification for industrial bitumen (second revision) are two typical examples of binder which will satisfy the requ"
IS 8374:1977,related_product,IS 9510:1980,IS 8374:1977#5.2,0.85,"* Coarse and fine aggregates from natural sources for concrete (second revision) SUMMARY OF IS 9510 : 1980 BITUMEN MASTIC, ACID - RESISTING GRADE TABLE 2 GRADING OF FINE AGGREGATES Sl."
IS 8374:1977,related_product,IS 9510:1980,IS 8374:1977#5.2,0.85,"For detailed information, refer to IS 9510 :1980 Specification for bitumen mastic, acid -resisting."
IS 849:1994,normative_reference,IS 850:1994,IS 849:1994#2,0.85,"General Quality - The glue shall be in the form of powder, the adhesive constituent of which shall be mainly casein conforming to IS 850 : 1994*."
IS 8500:1991,test_method,IS 1599:1985,IS 8500:1991#4,0.98,"Note 1- For test procedures, refer to IS 1599: 1985 Method of bend test (second revision), IS 1608:1995 Mechanical testing of metals - Tensile testing (second revision) and the standard."
IS 8500:1991,test_method,IS 1608:1995,IS 8500:1991#4,0.98,"Note 1- For test procedures, refer to IS 1599: 1985 Method of bend test (second revision), IS 1608:1995 Mechanical testing of metals - Tensile testing (second revision) and the standard."
IS 851:1978,test_method,IS 1734 (Part 7):1983,IS 851:1978#3,0.92,"WWR 70 ± 2 3 150 CWR 27 ± 2 16 to 24 200 Note - For methods of tests, refer to Appendices B to G of the standard and IS1734 (Part 7) : 1983 Methods of test for plywood Part 7 Mycological test."
IS 852:1994,test_method,IS 1734,IS 852:1994#7.2,0.98,Note— For method of tests refer to the standard and various parts of IS 1734.
IS 852:1994,related_product,IS 303:1989,IS 852:1994#5,0.85,cks Individual check Individual check not not more than more than 100 mm 50 mm in length in lengthand the total SUMMARY IS 303 : 1989 PLYWOOD FOR GENERAL PURPOSE (Third Revision) * Synthetic resin adhesives for plywood(phenolic and amino plastic) (first revision).
IS 852:1994,related_product,IS 303:1989,IS 852:1994#7.2,0.85,"For detailed Information, refer to IS 303 :1989 Specification for plywood for general purposes (third revision)"
IS 852:1994,related_product,IS 848:1974,IS 852:1994#4.2,0.85,2 Adhesive - See IS 848 : 1974*.
IS 8718:1978,normative_reference,IS 3972,IS 8718:1978#3,0.75,cedures refer to IS 772 : 1973 General requirements for enamelled casti iron sanitary appliances (second revision) and IS 3972 Methods of test for vitreous enamel ware.
IS 8718:1978,test_method,IS 772:1973,IS 8718:1978#3,0.95,Patterns and Sizes: Note —For test procedures refer to IS 772 : 1973 General requirements for enamelled casti iron sanitary appliances (second revision) and IS 3972 Methods of test for vitreous enamel ware.
IS 8727:1978,normative_reference,IS 3972,IS 8727:1978#5.7,0.75,"rocedures refer to IS 772 : 1973 General requirements for enamelled cast iron sanitary appliances(second revision), and IS 3972."
IS 8727:1978,test_method,IS 772:1973,IS 8727:1978#5.7,0.95,"SUMMARY OF IS 8727 : 1978 VITREOUS ENAMELLED STEEL WASH-BASINS Note — For test procedures refer to IS 772 : 1973 General requirements for enamelled cast iron sanitary appliances(second revision), and IS 3972."
IS 8794:1988,related_product,IS 1592:1989,IS 8794:1988#1,0.95,Scope — Requirements for cast iron detachable joints to be used with asbestos cement pressure pipes conforming to IS 1592 : 1989*.
IS 8794:1988,related_product,IS 1592:1989,IS 8794:1988#3.3,0.85,"3 Hydrostatic test — It should not show any leakage, or sweating or any other defect under a test pressure as per IS : 1592-1989 maintained for minimum of 15 seconds."
IS 8869:1978,normative_reference,IS 5369,IS 8869:1978#4,0.75,Grade - Ordinary grade specified in IS 5369.
IS 8870:1978,test_method,IS 5913:1989,IS 8870:1978#4.2,0.98,"Note— For methods of tests, refer to IS 5913:1989 Methods of tests for asbestos cement products (first revision)."
IS 8887:2004,related_product,IS 1195:2002,IS 8887:2004#8.13,0.85,27 BITUNINOUS IS 1195:2002 Bitumen mastic for flooring (third revision) 8.
IS 8887:2004,test_method,IS 1202:1978,IS 8887:2004#APPENDIX C,0.92,"IS 1202:1978 Methods of testing tar and bituminous materials, Determination of specific gravity (first revision)."
IS 8887:2004,test_method,IS 1203:1978,IS 8887:2004#APPENDIX C,0.92,IS 1203:1978 Determination of penetration (first revision).
IS 8887:2004,test_method,IS 1205:1978,IS 8887:2004#APPENDIX C,0.92,IS 1205:1978 Determination of softening point (first revision).
IS 8887:2004,test_method,IS 1206 (Part 1):1978,IS 8887:2004#APPENDIX C,0.92,IS 1206 (Part 1):1978 Determination of Viscosity : Part 1 Industrial viscosity (first revision).
IS 8887:2004,test_method,IS 1207:1978,IS 8887:2004#APPENDIX C,0.92,IS 1207:1978 Determination of equiviscous temperature (first revision).
IS 8887:2004,installation,IS 1237:1980,IS 8887:2004#APPENDIX C,0.85,"Appendix C shall apply SECTION 8 FLOOR, WALL, ROOF COVERINGS AND FINISHES CONTENTS Title Page GENERAL IS 1237:1980 Cement concrete flooring tiles (first revision)"
IS 8887:2004,related_product,IS 12583:1988,IS 8887:2004#8.13,0.85,34 IS 12583:1988 Corrugated bitumen roofing sheets 8.
IS 8887:2004,related_product,IS 12866:1989,IS 8887:2004#8.13,0.85,44 IS 12866:1989 Plastic translucent sheets made from thermosetting 8.
IS 8887:2004,related_product,IS 13026:1991,IS 8887:2004#8.13,0.85,36 IS 13026:1991 Bitumen mastic for flooring for industries handling LPG and other light hydrocarbon products 8.
IS 8887:2004,normative_reference,IS 13753:1993,IS 8887:2004#8.12,0.75,12 IS 13753:1993 Dust pressed ceramic tiles with water absorption E>10 percent Group (B III)
IS 8887:2004,normative_reference,IS 13754:1993,IS 8887:2004#8.13,0.75,13 IS 13754:1993 Dust pressed ceramic tiles with water absorption of 6<E ≤ 10 percent Group (B IIb)8.
IS 8887:2004,normative_reference,IS 13755:1993,IS 8887:2004#8.13,0.75,15 IS 13755:1993 Dust pressed ceramic tiles with water absorption of 3<E <6 percent Group (BII a) 8.
IS 8887:2004,normative_reference,IS 13756:1993,IS 8887:2004#8.13,0.75,18 IS 13756:1993 Dust pressed ceramic tiles with Low water absorption of E ≤3 percent Group (B I)8.
IS 8887:2004,related_product,IS 14862:2000,IS 8887:2004#8.13,0.85,21 IS 14862 :2000 Fibre cement flat sheets 8.
IS 8887:2004,related_product,IS 14871:2000,IS 8887:2004#8.13,0.85,24 IS 14871-2000 Products in fibre reinforced cement- Long corrugated or asymetrical section sheets and fittings for roofing and cladding 8.
IS 8887:2004,related_product,IS 1542:1992,IS 8887:2004#8.4,0.85,4 IS 1542:1992 Sand for plaster (second revision)
IS 8887:2004,related_product,IS 2116:1980,IS 8887:2004#8.6,0.85,6 IS 2116:1980 Sand for masonry mortars (first revision)
IS 8887:2004,related_product,IS 3461:1980,IS 8887:2004#8.13,0.85,39 PLASTIC PVC AND EPOXY RESIN IS 3461:1980 PVC asbestos floor tiles (first revision) 8.
IS 8887:2004,related_product,IS 3462:1986,IS 8887:2004#8.13,0.85,41 Title Page IS 3462:1986 Unbacked flexible PVC flooring (second revision) 8.
IS 8887:2004,related_product,IS 4457:1982,IS 8887:2004#8.7,0.85,7 IS 4457:1982 Ceramic unglazed vitreous acid resisting tile (first revision).
IS 8887:2004,related_product,IS 4832,IS 8887:2004#8.8,0.85,8 IS 4832 Chemical resistant mortars : (Part 1) :1969 Silican type.
IS 8887:2004,related_product,IS 4860:1968,IS 8887:2004#8.11,0.85,11 IS 4860:1968 Acid Resistant bricks
IS 8887:2004,related_product,IS 5317:2002,IS 8887:2004#8.13,0.85,30 IS 5317:2002 Bitumen mastic for bridge decking and roads (second revision) 8.
IS 8887:2004,related_product,IS 638:1979,IS 8887:2004#8.13,0.85,46 polyester resin (Glassfibre reinforced) RUBBER IS 638:1979 Sheet rubber jointing and rubber insertion jointing (second revision) 8.
IS 8887:2004,related_product,IS 653:1992,IS 8887:2004#8.13,0.85,38 LINOLEUM IS 653:1992 Linoleum sheets and tiles (third revision) 8.
IS 8887:2004,related_product,IS 809:1992,IS 8887:2004#8.13,0.85,48 IS 809:1992 Rubber flooring materials for general purposes (second revision) 8.
IS 8887:2004,related_product,IS 8374:1977,IS 8887:2004#8.13,0.85,"32 IS 8374:1977 Bitumen mastic, anti-static and electrically conducting grade 8."
IS 8887:2004,related_product,IS 9197:1979,IS 8887:2004#8.13,0.85,"42 IS 9197:1979 Epoxy resin, hardeners and epoxy resin composition for floor topping."
IS 8887:2004,related_product,IS 9510:1980,IS 8887:2004#8.13,0.85,33 IS 9510:1980 Bitumen mastic acid-resisting grade 8.
IS 8887:2004,related_product,IS 9912:1981,IS 8887:2004#8,0.85,- 1)This requirement shall be applicable only under situations where the ambient temeprature is below 15 0C SUMMARY OF IS 9912 : 1981 COAL TAR BASED COATING MATERIALS AND SUTABLE PRIMERS FOR PROTECTING IRON OR STEEL PIPE LINES 1.
IS 8887:2004,related_product,IS 9912:1981,IS 8887:2004#APPENDIX C,0.85,For detailed informatiom refer to IS 9912 : 1981 Specifications for coal tar based coating materials and suitable primers for protecting iron or steel pipe lines.
IS 9142:1979,test_method,IS 2185 (Part 2):1983,IS 9142:1979#2.5.2,0.95,"10 mm to 0) *Cinder as fine aggregates for use in lime concrete (first revision) Note — For methods of tests refer to IS 2185 (Part 2):1983 Concrete masonry units Part 2 Hollow and solid light weight concrete blocks (first revision), IS 2386:1963 Methods of"
IS 9142:1979,test_method,IS 2386:1963,IS 9142:1979#2.5.2,0.92,"to IS 2185 (Part 2):1983 Concrete masonry units Part 2 Hollow and solid light weight concrete blocks (first revision), IS 2386:1963 Methods of tests for aggregates for concrete, (Part 1) Particle size and shape, (Part 2) Organic Estimation of deleteri"
IS 9142:1979,normative_reference,IS 2686:1977,IS 9142:1979#2.4.3,0.85,"For cinder aggregates, loss on ignition shall be as specified in IS 2686:1977* ."
IS 9142:1979,related_product,IS 2686:1977,IS 9142:1979#2.5.2,0.85,"ion of deleterious materials and organic impurities, Part 3 Specific gravity, density, voids, absorption and bulking, (IS 2686:1977 Cinder aggrerate for use in lime concrete, and IS 4032:1985 Method of chemical analysis of hydraulic cement (first revision)."
IS 9142:1979,test_method,IS 4032:1985,IS 9142:1979#2.5.2,0.92,"ecific gravity, density, voids, absorption and bulking, (IS 2686:1977 Cinder aggrerate for use in lime concrete, and IS 4032:1985 Method of chemical analysis of hydraulic cement (first revision)."
IS 9197:1979,related_product,IS 383:1970,IS 9197:1979#2.6,0.95,Fine aggregate shall conform to grading Zone III or Zone IV of IS 383:1970*.
IS 9197:1979,related_product,IS 383:1970,IS 9197:1979#2.6,0.85,Coarse aggregate shall also conform to IS 383:1970.
IS 9197:1979,normative_reference,IS 4631:1986,IS 9197:1979#3.2,0.85,2 Chemical Resistance — Shall conform to the requirements of Table 1 of IS 4631:1986.
IS 9197:1979,test_method,IS 9162:1979,IS 9197:1979#3.4,0.98,"** Code of practice for laying of epoxy resin floor toppings (first revision) ± ± Note— For methods of tests, refer to IS 9162:1979 Methods of tests for epoxy resins, hardenrs and epoxy resin compositions for floor topping."
IS 9394:1979,test_method,IS 1121 (Part 2):1972,IS 9394:1979#5,0.98,"Note — For methods of tests, refer to IS 1121(Part 2):1972 Methods of test for determination of strength properties of natural building stones :Part 2 Transverse strength (first"
IS 9394:1979,test_method,IS 1124:1974,IS 9394:1979#5,0.92,"est for determination of strength properties of natural building stones :Part 2 Transverse strength (first revision), IS 1124:1974 Method of test for determination of water absorption, apparent specific gravity and porosity of natural building sto"
IS 9394:1979,test_method,IS 1126:1974,IS 9394:1979#5,0.92,"rmination of water absorption, apparent specific gravity and porosity of natural building stones (first revision) and IS 1126:1974 Method of test for determination of durability of natural building stones (first revision)."
IS 9394:1979,installation,IS 1129:1972,IS 9394:1979#5,0.9,Workmanship — The edges of the stone lintels shall be dressed as per IS 1129:1972*.
IS 9428:1993,test_method,IS 5688:1982,IS 9428:1993#2.8.2,0.98,"up to 219 mm Thickness - 40 mm, 50 mm or 75 mm Note - For method of tests, refer to Appendices A and B of the standard, IS 5688 : 1982 Method of test for preformed block-type and pipe covering type thermal insulation (first revision), IS 5724 : 1970 Meth"
IS 9428:1993,test_method,IS 5724:1970,IS 9428:1993#2.8.2,0.98,"ard, IS 5688 : 1982 Method of test for preformed block-type and pipe covering type thermal insulation (first revision), IS 5724 : 1970 Methods of tests for thermal insulating cements and IS 9490 : 1980 Method of determination of thermal conductivity of i"
IS 9428:1993,test_method,IS 9490:1980,IS 9428:1993#2.8.2,0.98,"e covering type thermal insulation (first revision), IS 5724 : 1970 Methods of tests for thermal insulating cements and IS 9490 : 1980 Method of determination of thermal conductivity of insulation materials (water calorimeter method)."
IS 9523:2000,normative_reference,IS 1865:1991,IS 9523:2000#2.1,0.85,1 Manufacture — Metal used for manufacture of casting shall conform to the appropriate grade specified in IS 1865 : 1991*
IS 9537 (Part 3):1983,same_family_part,IS 9537,IS 9537 (Part 3):1983#2,0.95,General Requirements—Provision of IS 9537 (Part:1) 1980 shall apply
IS 9537 (Part 3):1983,same_family_part,IS 9537 (Part 1):1980,IS 9537 (Part 3):1983#5,0.95,"c) Impact Test - As given in IS 9537 (Part I) : 1980 d) Collapse Test - It shall be possible to pass the appropriate gauge, through the conduit fixed to support under its"
IS 9537 (Part 4):1983,same_family_part,IS 9537 (Part 1):1980,IS 9537 (Part 4):1983#2,0.95,General Requirements - Provision s of IS 9537 (Part 1):1980 shall apply.
IS 9537 (Part 4):1983,same_family_part,IS 9537 (Part 1):1980,IS 9537 (Part 4):1983#5,0.95,"amples shall show no cracks visible to normal or corrected vision without magnification: c) Impact test - As given in IS 9537 ( Part 1) : 1980 d) Collapse Test - It shall be possible to pass the appropriate gauge, through theconduit fixed to support under its"
IS 9627:1980,normative_reference,IS 5382:1985,IS 9627:1980#6.2,0.85,2 Rubber rings used in jointing shall comply with the requirements of IS 5382:1985.
IS 9627:1980,test_method,IS 5913:1989,IS 9627:1980#6.2,0.98,"Note — For methods of tests, refer to IS 5913:1989 Methods of test for asbestos cement products (first revision)."
IS 9627:1980,normative_reference,IS 8794:1988,IS 9627:1980#6.1,0.85,1 Cast iron detachable joints shall conform to IS 8794:1988*.
IS 9742:1993,test_method,IS 3144:1992,IS 9742:1993#3.9.2,0.98,"* Unbonded rock and slag wool for thermal insulation (second revision) Note - For methods of tests, refer to IS 3144 : 1992 Mineral wool thermal insulation materials methods of tests (second revision), IS 3346 : 1980 Methods of determination o"
IS 9742:1993,test_method,IS 3346:1980,IS 9742:1993#3.9.2,0.98,"methods of tests, refer to IS 3144 : 1992 Mineral wool thermal insulation materials methods of tests (second revision), IS 3346 : 1980 Methods of determination of thermal conductivity of thermal insulation materials (two slab guarded hot plate method) (f"
IS 9742:1993,normative_reference,IS 3677:1985,IS 9742:1993#2.1,0.85,1 Mineral Wool - Mineral wool conforming to IS 3677 : 1985* shall be used.
IS 9742:1993,safety,IS 3809:1979,IS 9742:1993#3.6,0.9,"be used for fire protection purposes, it shall satisfy the heating conditions (time-temperature curve) as specified in IS 3809 : 1979** for determination of fire resistance rating."
IS 9742:1993,test_method,IS 5688:1982,IS 9742:1993#3.9.2,0.98,"rmination of thermal conductivity of thermal insulation materials (two slab guarded hot plate method) (first revision), IS 5688 : 1982 Methods of test for preformed block -type and pipe covering type thermal insulation (first revision) and IS 5724 : 1970"
IS 9742:1993,test_method,IS 5724:1970,IS 9742:1993#3.9.2,0.98,IS 5688 : 1982 Methods of test for preformed block -type and pipe covering type thermal insulation (first revision) and IS 5724 : 1970 Methods of tests for thermal insulating cements.
IS 9743:1990,test_method,IS 3144:1992,IS 9743:1990#4,0.98,"Strength Material kN/m3, Min 1 1 030 2 1 720 3 820 4 1 800 Note - For method of test refer to Annex A of the standard, IS 3144 : 1992 Mineral wool thermal insulation materials methods of test (second revision), IS 5688 : 1982 Method of test for preforme"
IS 9743:1990,test_method,IS 5688:1982,IS 9743:1990#4,0.98,"to Annex A of the standard, IS 3144 : 1992 Mineral wool thermal insulation materials methods of test (second revision), IS 5688 : 1982 Method of test for preformed block type and pipe covering type thermal insulation (first revision) and IS 5724 : 1970 M"
IS 9743:1990,test_method,IS 5724:1970,IS 9743:1990#4,0.98,", IS 5688 : 1982 Method of test for preformed block type and pipe covering type thermal insulation (first revision) and IS 5724 : 1970 Mehtods of test for thermal insulating cement."
IS 9758:1981,installation,IS 2629:1985,IS 9758:1981#2,0.85,"completely protected, inside and outside, either by vitreous enamelling (see IS 3972-1968) or hot dip galvanishing (see IS2629-1985) b) PVC c) High density polythylene d) Lead iii) Washers Rubber iv) Springs a) Phosphor bronze b) Stainless steel v) St"
IS 9758:1981,normative_reference,IS 3972:1968,IS 9758:1981#2,0.75,"ush pipe a) Steel tubes seamless or welded completely protected, inside and outside, either by vitreous enamelling (see IS 3972-1968) or hot dip galvanishing (see IS2629-1985) b) PVC c) High density polythylene d) Lead iii) Washers Rubber iv) Springs a"
IS 9762:1994,related_product,IS 7328:1992,IS 9762:1994#2,0.9,lyethylene (HDPE) used for the manufacture of floats shall conform to Designation PEBW A50 T 090 or PEBN A50 T090 of IS 7328 : 1992+.
IS 9842:1994,test_method,IS 3144:1992,IS 9842:1994#5,0.98,"Note - For method of tests, refer to Appendices A and B of the standard, IS 3144 : 1992 Mineral wool thermal insulation materials - Methods of test (second revision), IS 3346 : 1980 Method of determinatio"
IS 9842:1994,test_method,IS 3346:1980,IS 9842:1994#5,0.98,"and B of the standard, IS 3144 : 1992 Mineral wool thermal insulation materials - Methods of test (second revision), IS 3346 : 1980 Method of determination of thermal conductivity of thermal insulating materials (two slab guarded hot plate method) ("
IS 9842:1994,test_method,IS 5688:1982,IS 9842:1994#5,0.98,"mination of thermal conductivity of thermal insulating materials (two slab guarded hot plate method) (first revision), IS 5688 : 1982 Methods of test for preformed block-type and pipe covering type thermal insulation (first revision), and IS 5724 : 1970"
IS 9842:1994,test_method,IS 5724:1970,IS 9842:1994#5,0.98,"IS 5688 : 1982 Methods of test for preformed block-type and pipe covering type thermal insulation (first revision), and IS 5724 : 1970 Method of test for thermal insulating cements."
IS 9968 (Part 1):1998,related_product,IS 1293:1988,IS 9968 (Part 1):1998#5,0.85,3 IS 1293 : 1988 Plugs and Socket Outlets of Rated Voltage upto and Including 250 Volts and Rated Current upto and Including 16 Amperes
IS 9968 (Part 1):1998,related_product,IS 14772:2000,IS 9968 (Part 1):1998#5,0.85,32 IS 14772 : 2000 General requirements for enclosure for accessories for household 26.
IS 9968 (Part 1):1998,related_product,IS 2086:1993,IS 9968 (Part 1):1998#5,0.85,5 IS 2086 : 1993 Carriers and Bases Used in Rewirable Type Electric Fuses for Voltages upto 650 Volts (third revision) 26.
IS 9968 (Part 1):1998,related_product,IS 2412:1975,IS 9968 (Part 1):1998#5,0.85,7 IS 2412 : 1975 Link Clips for Electrical Wiring (first revision) 26.
IS 9968 (Part 1):1998,normative_reference,IS 2667:1988,IS 9968 (Part 1):1998#5,0.75,9 IS 2667 : 1988 Fittings for Rigid Steel Conduits for Electrical Wiring (first revision) 26.
IS 9968 (Part 1):1998,related_product,IS 3419:1989,IS 9968 (Part 1):1998#5,0.85,10 IS 3419 : 1989 Fittings for Rigid Non-Metallic Conduits (third revision) 26.
IS 9968 (Part 1):1998,related_product,IS 3480:1966,IS 9968 (Part 1):1998#5,0.85,12 IS 3480 : 1966 Flexible Steel Conduits for Electrical Wiring 26.
IS 9968 (Part 1):1998,related_product,IS 371:1999,IS 9968 (Part 1):1998#5,0.85,ing or B varnishing Elastomer sheath R Earth continuity conductor ECC SECTION 26 WIRING ACCESSORIES CONTENTS Title Page IS 371 : 1999 Ceiling Roses (third revision) 26.
IS 9968 (Part 1):1998,related_product,IS 371:1999,IS 9968 (Part 1):1998#5,0.85,SU MMARY OF IS 371: 1999 CEILING ROSES (Third Revision) * Pvc insulated cables for working voltages up to and including 1100V (third revision).
IS 9968 (Part 1):1998,test_method,IS 371:1999,IS 9968 (Part 1):1998#8,0.95,"minals, Note - For detailed requirements and methods of tests refer to the standard For detailed information, refer to IS 371 : 1999 Specification for ceiling roses (third revision)."
IS 9968 (Part 1):1998,normative_reference,IS 3837:1976,IS 9968 (Part 1):1998#5,0.75,13 IS 3837 : 1976 Accessories for Rigid Steel Conduits for Electrical Wiring (first revision) 26.
IS 9968 (Part 1):1998,related_product,IS 3854:1997,IS 9968 (Part 1):1998#5,0.85,14 IS 3854 : 1997 Switches for Domestic and Similar Purposes (second revision) 26.
IS 9968 (Part 1):1998,related_product,IS 4160:1967,IS 9968 (Part 1):1998#5,0.85,15 IS 4160 : 1967 Interlocking Switch Socket Outlet 26.
IS 9968 (Part 1):1998,normative_reference,IS 4615:1968,IS 9968 (Part 1):1998#5,0.75,17 IS 4615 : 1968 Switch Socket Outlets (Non-Inter Locking Type) 26.
IS 9968 (Part 1):1998,related_product,IS 4649:1968,IS 9968 (Part 1):1998#5,0.85,19 IS 4649 : 1968 Adaptors for Flexible Steel Conduits 26.
IS 9968 (Part 1):1998,normative_reference,IS 6380:1984,IS 9968 (Part 1):1998#2.2.1,0.85,1 Insulation for general services - The insulation shall be of elastomer compound conforming to Type IE 2 of IS 6380 : 1984†.
IS 9968 (Part 1):1998,normative_reference,IS 6380:1984,IS 9968 (Part 1):1998#2.2.2,0.85,2 Heat resisting insulation - Shall be of elastomer compound conforming to Type IE 2 of IS 6380 : 1984.
IS 9968 (Part 1):1998,normative_reference,IS 6380:1984,IS 9968 (Part 1):1998#2.2.3,0.85,3 Silicone Rubber Insulation - The insulation shall be of silicone rubber conforming to Type IE 5 of IS 6380 : 1984.
IS 9968 (Part 1):1998,normative_reference,IS 6380:1984,IS 9968 (Part 1):1998#2.6.1,0.75,ible cords - Cables for fixed wiring and flexible cords shall cosists sheath of elastomeric compounds of type SE1 of IS 6380 : 1984 Flexible cables sheath shall also be of elastomeric compound of type SE2 of IS 6380 : 1984.
IS 9968 (Part 1):1998,normative_reference,IS 6380:1984,IS 9968 (Part 1):1998#2.6.1,0.75,compounds of type SE1 of IS 6380 : 1984 Flexible cables sheath shall also be of elastomeric compound of type SE2 of IS 6380 : 1984.
IS 9968 (Part 1):1998,normative_reference,IS 6380:1984,IS 9968 (Part 1):1998#2.6.2,0.75,ed cables - Cables for fixed wiring and flexible cords shall consist sheath of elastromeric compounds of Type SE3 of IS 6380 : 1984.
IS 9968 (Part 1):1998,normative_reference,IS 6380:1984,IS 9968 (Part 1):1998#2.6.2,0.75,Flexible cables sheath shall also be of elastomeric compound of Type SE4 of IS 6380: 1984.
IS 9968 (Part 1):1998,test_method,IS 6380:1984,IS 9968 (Part 1):1998#3.4,0.95,Note - For method of test refer to IS 6380 : 1984 Elastomeric insulation and sheath of electric cables (first revision) and IS 8130 : 1984 Conductors for insulated elect
IS 9968 (Part 1):1998,normative_reference,IS 6538:1971,IS 9968 (Part 1):1998#5,0.75,21 IS 6538 : 1971 Three Pin Plugs Made of Resilient Material 26.
IS 9968 (Part 1):1998,related_product,IS 694,IS 9968 (Part 1):1998#5,0.85,"type b) According to load support : i) Intended to support mechanical load by means or a flexible cord complying widh IS 694, and ii) Intended to support mechanical loads as nominated by the manufacturer in addition to those specified in 5 (b"
IS 9968 (Part 1):1998,normative_reference,IS 694:1990,IS 9968 (Part 1):1998#5,0.85,2 The ceiling roses are intended for use with cables complying with IS 694 : 1990.
IS 9968 (Part 1):1998,normative_reference,IS 8130:1984,IS 9968 (Part 1):1998#2.1.1,0.85,1 Copper conductor - Shall be tinned annealed copper wires complying with the requirement of IS 8130 : 1984*.
IS 9968 (Part 1):1998,normative_reference,IS 8130:1984,IS 9968 (Part 1):1998#2.1.2,0.85,2 Aluminium Conductor - The conductor shall be composed of aluminium wires complying with the requirements of IS 8130: 1984*.
IS 9968 (Part 1):1998,related_product,IS 8130:1984,IS 9968 (Part 1):1998#3.1.2,0.85,2 Flexible cables and cords - Shall be according to class 5 of IS 8130 : 1984.
IS 9968 (Part 1):1998,test_method,IS 8130:1984,IS 9968 (Part 1):1998#3.4,0.95,"Note - For method of test refer to IS 6380 : 1984 Elastomeric insulation and sheath of electric cables (first revision) and IS 8130 : 1984 Conductors for insulated electric cables and flexible cords (first revision) For detailed information, refer to IS 9968"
IS 9968 (Part 1):1998,normative_reference,IS 8828:1996,IS 9968 (Part 1):1998#5,0.75,22 IS 8828 : 1996 IEC 898 (1995) Circuit Breakers for Over Current Protection for House-Hold and Similar Installations (second revision) 26.
IS 9968 (Part 1):1998,normative_reference,IS 9537,IS 9968 (Part 1):1998#5,0.75,24 IS 9537 Conduits for Electrical Installations (Part I) - 1980 General Requirements 26.
